Date,product_category_name,total_pedidos,ticket_medio,ticket_mediana,parcelas_media,parcelas_mediana,faturamento_total
2016-09-01,moveis_decoracao,1,72.89,72.89,1.0,1.0,72.89
2016-09-01,telefonia,1,59.5,59.5,3.0,3.0,59.5
2016-10-01,alimentos,1,79.9,79.9,1.0,1.0,79.9
2016-10-01,audio,1,132.0,132.0,3.0,3.0,132.0
2016-10-01,automotivo,10,182.325,106.745,4.6,4.0,1823.25
2016-10-01,bebes,9,154.49555555555557,158.99,4.444444444444445,3.0,1390.46
2016-10-01,beleza_saude,34,84.70705882352941,64.9,3.411764705882353,3.0,2880.04
2016-10-01,brinquedos,20,152.7665,128.9,4.45,3.0,3055.33
2016-10-01,cama_mesa_banho,4,144.82500000000002,114.9,2.5,2.0,579.3000000000001
2016-10-01,climatizacao,5,341.418,299.99,8.0,10.0,1707.0900000000001
2016-10-01,consoles_games,9,424.9177777777778,189.9,5.777777777777778,6.0,3824.26
2016-10-01,cool_stuff,8,138.875,89.45,3.625,2.0,1111.0
2016-10-01,eletronicos,2,653.495,653.495,6.5,6.5,1306.99
2016-10-01,esporte_lazer,13,218.88923076923078,49.99,4.076923076923077,3.0,2845.56
2016-10-01,fashion_bolsas_e_acessorios,7,69.05714285714285,54.9,4.0,3.0,483.4
2016-10-01,fashion_calcados,1,29.99,29.99,4.0,4.0,29.99
2016-10-01,fashion_roupa_feminina,1,54.9,54.9,3.0,3.0,54.9
2016-10-01,fashion_roupa_masculina,1,24.9,24.9,3.0,3.0,24.9
2016-10-01,ferramentas_jardim,4,192.47,159.945,5.5,6.0,769.88
2016-10-01,fraldas_higiene,1,134.9,134.9,2.0,2.0,134.9
2016-10-01,industria_comercio_e_negocios,2,134.85000000000002,134.85000000000002,6.0,6.0,269.70000000000005
2016-10-01,informatica_acessorios,10,69.683,43.89,2.1,1.0,696.83
2016-10-01,livros_interesse_geral,1,119.5,119.5,4.0,4.0,119.5
2016-10-01,livros_tecnicos,1,267.0,267.0,1.0,1.0,267.0
2016-10-01,market_place,4,175.2225,160.445,5.0,4.5,700.89
2016-10-01,moveis_decoracao,39,134.6802564102564,93.9,4.487179487179487,4.0,5252.53
2016-10-01,moveis_escritorio,5,242.77799999999996,129.97,5.0,5.0,1213.8899999999999
2016-10-01,perfumaria,25,217.77200000000002,249.9,5.0,4.0,5444.3
2016-10-01,pet_shop,4,172.42000000000002,104.9,4.75,4.0,689.6800000000001
2016-10-01,relogios_presentes,3,899.1133333333333,649.17,8.0,10.0,2697.34
2016-10-01,telefonia,7,65.88428571428571,29.9,4.285714285714286,4.0,461.19
2016-10-01,telefonia_fixa,2,139.495,139.495,7.0,7.0,278.99
2016-10-01,utilidades_domesticas,9,143.0077777777778,89.9,4.444444444444445,3.0,1287.0700000000002
2016-12-01,fashion_bolsas_e_acessorios,1,10.9,10.9,1.0,1.0,10.9
2017-01-01,agro_industria_e_comercio,2,32.985,32.985,2.5,2.5,65.97
2017-01-01,alimentos,2,21.41,21.41,2.5,2.5,42.82
2017-01-01,automotivo,23,204.7013043478261,139.99,5.043478260869565,4.0,4708.13
2017-01-01,bebes,26,223.88846153846154,119.9,3.8846153846153846,3.0,5821.1
2017-01-01,beleza_saude,60,159.3125,98.95,3.2333333333333334,2.0,9558.75
2017-01-01,brinquedos,34,126.25117647058823,129.945,3.676470588235294,3.0,4292.54
2017-01-01,cama_mesa_banho,33,103.44121212121213,79.9,4.484848484848484,4.0,3413.5600000000004
2017-01-01,casa_conforto_2,2,36.4,36.4,1.5,1.5,72.8
2017-01-01,climatizacao,1,189.0,189.0,10.0,10.0,189.0
2017-01-01,consoles_games,16,326.73125,223.9,4.4375,3.5,5227.7
2017-01-01,construcao_ferramentas_construcao,1,310.0,310.0,7.0,7.0,310.0
2017-01-01,cool_stuff,29,254.13793103448276,155.96,3.8275862068965516,3.0,7370.0
2017-01-01,eletrodomesticos_2,2,324.45,324.45,5.5,5.5,648.9
2017-01-01,eletronicos,7,68.15714285714286,38.9,2.5714285714285716,2.0,477.1
2017-01-01,eletroportateis,5,292.358,109.9,5.4,5.0,1461.79
2017-01-01,esporte_lazer,42,144.43833333333333,99.9,2.857142857142857,1.0,6066.41
2017-01-01,fashion_bolsas_e_acessorios,16,77.216875,53.9,2.8125,1.5,1235.47
2017-01-01,fashion_calcados,1,34.9,34.9,4.0,4.0,34.9
2017-01-01,fashion_roupa_feminina,1,22.4,22.4,2.0,2.0,22.4
2017-01-01,fashion_roupa_masculina,1,126.9,126.9,1.0,1.0,126.9
2017-01-01,fashion_underwear_e_moda_praia,1,86.25,86.25,10.0,10.0,86.25
2017-01-01,ferramentas_jardim,31,212.65483870967742,155.0,4.193548387096774,3.0,6592.3
2017-01-01,informatica_acessorios,14,244.91357142857143,33.9,3.5,3.0,3428.79
2017-01-01,instrumentos_musicais,1,339.74,339.74,6.0,6.0,339.74
2017-01-01,livros_interesse_geral,1,109.9,109.9,3.0,3.0,109.9
2017-01-01,malas_acessorios,3,127.56666666666668,87.9,5.0,4.0,382.70000000000005
2017-01-01,market_place,5,84.40799999999999,62.9,4.0,3.0,422.03999999999996
2017-01-01,moveis_cozinha_area_de_servico_jantar_e_jardim,1,110.0,110.0,6.0,6.0,110.0
2017-01-01,moveis_decoracao,105,107.13990476190477,66.9,3.7904761904761903,2.0,11249.69
2017-01-01,moveis_escritorio,4,169.89,159.98499999999999,3.25,2.0,679.56
2017-01-01,moveis_quarto,1,9.9,9.9,1.0,1.0,9.9
2017-01-01,moveis_sala,6,154.65333333333334,151.99,3.0,3.0,927.92
2017-01-01,papelaria,5,246.53000000000003,294.9,4.2,1.0,1232.65
2017-01-01,pcs,1,2199.99,2199.99,10.0,10.0,2199.99
2017-01-01,perfumaria,22,189.80454545454543,99.9,4.954545454545454,4.0,4175.7
2017-01-01,pet_shop,6,122.87166666666667,137.45,3.6666666666666665,4.0,737.23
2017-01-01,relogios_presentes,10,770.7520000000001,360.975,4.9,4.5,7707.52
2017-01-01,seguros_e_servicos,1,183.29,183.29,1.0,1.0,183.29
2017-01-01,telefonia,14,191.82857142857142,34.945,4.214285714285714,4.5,2685.6
2017-01-01,telefonia_fixa,13,39.97692307692308,21.98,2.3076923076923075,1.0,519.7
2017-01-01,utilidades_domesticas,17,145.78176470588235,87.74,3.588235294117647,2.0,2478.29
2017-02-01,agro_industria_e_comercio,5,36.172000000000004,21.99,1.4,1.0,180.86
2017-02-01,alimentos,6,66.75166666666667,33.2,2.5,2.0,400.51
2017-02-01,audio,3,29.633333333333336,24.9,1.0,1.0,88.9
2017-02-01,automotivo,52,199.70038461538462,139.495,3.6538461538461537,3.0,10384.42
2017-02-01,bebes,24,104.6675,50.0,2.625,1.0,2512.02
2017-02-01,beleza_saude,115,170.02617391304346,89.0,3.4695652173913043,2.0,19553.01
2017-02-01,brinquedos,45,118.60422222222222,66.99,2.577777777777778,2.0,5337.19
2017-02-01,cama_mesa_banho,122,122.62983606557377,99.9,4.032786885245901,3.0,14960.84
2017-02-01,casa_conforto,3,138.22,94.76,5.666666666666667,8.0,414.66
2017-02-01,casa_construcao,3,231.86666666666667,186.9,5.0,4.0,695.6
2017-02-01,cine_foto,1,59.0,59.0,5.0,5.0,59.0
2017-02-01,climatizacao,9,218.3777777777778,187.9,4.777777777777778,4.0,1965.4
2017-02-01,consoles_games,10,234.27799999999996,189.9,4.0,4.0,2342.7799999999997
2017-02-01,construcao_ferramentas_construcao,1,36.99,36.99,5.0,5.0,36.99
2017-02-01,cool_stuff,46,198.66608695652172,119.99,4.043478260869565,2.0,9138.64
2017-02-01,dvds_blu_ray,1,14.9,14.9,2.0,2.0,14.9
2017-02-01,eletrodomesticos,7,105.84285714285714,115.0,1.1428571428571428,1.0,740.9
2017-02-01,eletrodomesticos_2,1,15.99,15.99,1.0,1.0,15.99
2017-02-01,eletronicos,11,90.9,55.0,4.0,3.0,999.9000000000001
2017-02-01,eletroportateis,18,320.555,176.95,4.833333333333333,4.0,5769.99
2017-02-01,esporte_lazer,105,125.61285714285715,82.99,2.9523809523809526,1.0,13189.35
2017-02-01,fashion_bolsas_e_acessorios,28,74.12392857142856,49.9,2.8214285714285716,2.0,2075.47
2017-02-01,fashion_calcados,1,37.25,37.25,1.0,1.0,37.25
2017-02-01,fashion_roupa_feminina,3,121.3,119.0,5.333333333333333,4.0,363.9
2017-02-01,fashion_roupa_masculina,5,103.60999999999999,96.9,2.8,3.0,518.05
2017-02-01,fashion_underwear_e_moda_praia,4,73.49249999999999,61.489999999999995,3.0,2.5,293.96999999999997
2017-02-01,ferramentas_jardim,43,217.17790697674417,99.99,3.7209302325581395,3.0,9338.65
2017-02-01,industria_comercio_e_negocios,1,119.0,119.0,4.0,4.0,119.0
2017-02-01,informatica_acessorios,67,148.24,46.86,2.4776119402985075,1.0,9932.08
2017-02-01,instrumentos_musicais,5,121.73200000000001,65.9,5.6,5.0,608.6600000000001
2017-02-01,livros_importados,1,99.0,99.0,5.0,5.0,99.0
2017-02-01,livros_interesse_geral,7,93.95857142857143,109.9,3.0,2.0,657.71
2017-02-01,livros_tecnicos,1,159.0,159.0,1.0,1.0,159.0
2017-02-01,malas_acessorios,19,86.22526315789473,55.9,3.473684210526316,3.0,1638.28
2017-02-01,market_place,11,112.57181818181817,76.9,2.4545454545454546,1.0,1238.29
2017-02-01,moveis_cozinha_area_de_servico_jantar_e_jardim,2,69.95,69.95,3.0,3.0,139.9
2017-02-01,moveis_decoracao,172,101.82866279069766,74.9,3.5813953488372094,2.0,17514.53
2017-02-01,moveis_escritorio,43,260.2420930232558,149.96,4.488372093023256,4.0,11190.41
2017-02-01,moveis_quarto,1,450.0,450.0,1.0,1.0,450.0
2017-02-01,moveis_sala,12,227.8166666666667,162.945,5.166666666666667,3.5,2733.8
2017-02-01,papelaria,16,118.30625,94.9,2.875,3.0,1892.9
2017-02-01,pcs,1,3549.0,3549.0,1.0,1.0,3549.0
2017-02-01,perfumaria,38,191.34421052631578,124.85,4.2368421052631575,3.5,7271.08
2017-02-01,pet_shop,31,109.01064516129033,79.5,3.064516129032258,2.0,3379.33
2017-02-01,relogios_presentes,29,381.01689655172413,234.8,4.896551724137931,4.0,11049.49
2017-02-01,tablets_impressao_imagem,8,99.0,99.0,3.375,1.0,792.0
2017-02-01,telefonia,69,75.0731884057971,29.99,2.6956521739130435,1.0,5180.05
2017-02-01,telefonia_fixa,15,45.696000000000005,19.99,2.3333333333333335,2.0,685.44
2017-02-01,utilidades_domesticas,53,210.9466037735849,48.6,3.1320754716981134,2.0,11180.17
2017-03-01,agro_industria_e_comercio,1,22.0,22.0,2.0,2.0,22.0
2017-03-01,alimentos,16,122.53375,149.9,4.875,3.0,1960.54
2017-03-01,alimentos_bebidas,4,18.325,20.9,2.5,3.0,73.3
2017-03-01,artes,4,28.4125,28.0,2.75,2.0,113.65
2017-03-01,audio,9,88.54222222222222,79.0,1.8888888888888888,1.0,796.88
2017-03-01,automotivo,58,189.54431034482758,135.4,3.5,2.0,10993.57
2017-03-01,bebes,33,91.14606060606062,77.0,3.1515151515151514,2.0,3007.82
2017-03-01,bebidas,4,121.9675,141.95,5.5,4.5,487.87
2017-03-01,beleza_saude,148,148.13445945945946,89.85,3.75,3.0,21923.9
2017-03-01,brinquedos,70,148.89257142857142,96.39500000000001,3.3714285714285714,2.5,10422.48
2017-03-01,cama_mesa_banho,193,114.76497409326424,89.9,3.9585492227979273,3.0,22149.64
2017-03-01,casa_conforto,5,266.58000000000004,249.0,5.8,4.0,1332.9
2017-03-01,casa_conforto_2,2,61.445,61.445,4.0,4.0,122.89
2017-03-01,casa_construcao,3,117.99333333333334,139.99,4.0,2.0,353.98
2017-03-01,climatizacao,11,374.4736363636364,169.9,3.727272727272727,3.0,4119.21
2017-03-01,consoles_games,36,234.35333333333332,214.75,4.361111111111111,3.5,8436.72
2017-03-01,construcao_ferramentas_construcao,4,193.35,212.25,4.75,4.0,773.4
2017-03-01,construcao_ferramentas_seguranca,2,190.0,190.0,6.0,6.0,380.0
2017-03-01,cool_stuff,92,191.36293478260868,99.99,3.108695652173913,2.0,17605.39
2017-03-01,dvds_blu_ray,4,468.425,219.4,3.75,2.0,1873.7
2017-03-01,eletrodomesticos,6,35.1,32.9,3.0,1.5,210.6
2017-03-01,eletrodomesticos_2,1,487.0,487.0,1.0,1.0,487.0
2017-03-01,eletronicos,25,143.53719999999998,55.0,2.68,1.0,3588.43
2017-03-01,eletroportateis,25,400.60760000000005,109.9,5.24,6.0,10015.19
2017-03-01,esporte_lazer,133,140.07390977443612,90.5,3.037593984962406,2.0,18629.83
2017-03-01,fashion_bolsas_e_acessorios,41,84.68707317073171,59.9,3.073170731707317,2.0,3472.17
2017-03-01,fashion_calcados,8,149.075,178.8,4.75,5.5,1192.6
2017-03-01,fashion_esporte,1,39.9,39.9,5.0,5.0,39.9
2017-03-01,fashion_roupa_feminina,1,19.9,19.9,1.0,1.0,19.9
2017-03-01,fashion_roupa_masculina,3,104.90000000000002,99.9,2.6666666666666665,1.0,314.70000000000005
2017-03-01,fashion_underwear_e_moda_praia,4,75.4975,51.5,2.0,1.5,301.99
2017-03-01,ferramentas_jardim,93,204.39247311827958,69.9,3.6021505376344085,2.0,19008.5
2017-03-01,industria_comercio_e_negocios,1,119.0,119.0,4.0,4.0,119.0
2017-03-01,informatica_acessorios,101,211.60039603960396,75.0,3.4653465346534653,2.0,21371.64
2017-03-01,instrumentos_musicais,4,238.97,223.945,4.5,3.5,955.88
2017-03-01,livros_interesse_geral,15,129.004,115.0,2.1333333333333333,2.0,1935.06
2017-03-01,livros_tecnicos,1,45.0,45.0,1.0,1.0,45.0
2017-03-01,malas_acessorios,29,169.8106896551724,139.9,3.7241379310344827,3.0,4924.51
2017-03-01,market_place,12,118.59083333333335,89.45,3.4166666666666665,3.0,1423.0900000000001
2017-03-01,moveis_cozinha_area_de_servico_jantar_e_jardim,2,32.99,32.99,4.5,4.5,65.98
2017-03-01,moveis_decoracao,207,91.86753623188406,63.98,3.536231884057971,3.0,19016.58
2017-03-01,moveis_escritorio,49,207.10653061224488,173.92,4.714285714285714,4.0,10148.22
2017-03-01,moveis_sala,15,207.94,139.9,6.0,6.0,3119.1
2017-03-01,papelaria,34,121.50117647058823,82.4,3.911764705882353,3.0,4131.04
2017-03-01,perfumaria,79,208.23582278481015,198.9,4.7974683544303796,4.0,16450.63
2017-03-01,pet_shop,32,243.2240625,109.945,4.5625,2.5,7783.17
2017-03-01,relogios_presentes,62,411.08903225806455,187.575,4.290322580645161,4.0,25487.52
2017-03-01,sinalizacao_e_seguranca,1,75.0,75.0,3.0,3.0,75.0
2017-03-01,tablets_impressao_imagem,3,99.0,99.0,4.666666666666667,3.0,297.0
2017-03-01,telefonia,109,51.90064220183486,29.99,2.5596330275229358,1.0,5657.17
2017-03-01,telefonia_fixa,12,118.7975,36.49,3.0,2.5,1425.57
2017-03-01,utilidades_domesticas,121,78.88446280991735,50.63,3.4710743801652892,3.0,9545.02
2017-04-01,alimentos,8,61.4125,67.0,3.625,2.0,491.3
2017-04-01,alimentos_bebidas,2,23.95,23.95,3.0,3.0,47.9
2017-04-01,artes,1,119.9,119.9,2.0,2.0,119.9
2017-04-01,artigos_de_natal,1,69.0,69.0,3.0,3.0,69.0
2017-04-01,audio,7,104.75714285714287,89.9,3.0,2.0,733.3000000000001
2017-04-01,automotivo,59,210.8086440677966,137.0,4.169491525423729,3.0,12437.71
2017-04-01,bebes,32,85.128125,79.9,3.3125,3.0,2724.1
2017-04-01,bebidas,2,99.965,99.965,5.5,5.5,199.93
2017-04-01,beleza_saude,129,144.42131782945737,69.9,4.170542635658915,3.0,18630.35
2017-04-01,brinquedos,92,122.64108695652173,85.94,3.1739130434782608,2.0,11282.98
2017-04-01,cama_mesa_banho,193,111.7656994818653,89.9,4.22279792746114,4.0,21570.780000000002
2017-04-01,casa_conforto,14,164.09285714285716,135.4,5.142857142857143,5.0,2297.3
2017-04-01,casa_conforto_2,1,12.9,12.9,2.0,2.0,12.9
2017-04-01,casa_construcao,4,245.6475,132.495,4.25,3.0,982.59
2017-04-01,cine_foto,1,59.0,59.0,7.0,7.0,59.0
2017-04-01,climatizacao,10,225.253,100.15,3.5,2.0,2252.5299999999997
2017-04-01,consoles_games,11,312.75,67.0,3.090909090909091,1.0,3440.25
2017-04-01,construcao_ferramentas_ferramentas,1,729.0,729.0,1.0,1.0,729.0
2017-04-01,construcao_ferramentas_jardim,5,283.88,119.8,5.0,1.0,1419.3999999999999
2017-04-01,cool_stuff,95,200.5558947368421,129.99,4.221052631578948,3.0,19052.81
2017-04-01,dvds_blu_ray,1,1420.0,1420.0,1.0,1.0,1420.0
2017-04-01,eletrodomesticos,6,61.300000000000004,32.9,1.8333333333333333,1.0,367.8
2017-04-01,eletrodomesticos_2,2,399.9,399.9,4.0,4.0,799.8
2017-04-01,eletronicos,29,75.59172413793102,48.99,3.0344827586206895,2.0,2192.16
2017-04-01,eletroportateis,15,1701.7326666666668,447.0,6.866666666666666,8.0,25525.99
2017-04-01,esporte_lazer,161,139.26527950310557,96.0,3.4968944099378882,2.0,22421.71
2017-04-01,fashion_bolsas_e_acessorios,31,74.59096774193549,54.9,3.064516129032258,2.0,2312.32
2017-04-01,fashion_calcados,17,76.63529411764705,74.9,3.6470588235294117,3.0,1302.8
2017-04-01,fashion_esporte,3,41.596666666666664,49.9,2.6666666666666665,1.0,124.78999999999999
2017-04-01,fashion_roupa_feminina,1,129.89,129.89,2.0,2.0,129.89
2017-04-01,fashion_roupa_masculina,4,90.45,74.85,2.75,2.0,361.8
2017-04-01,fashion_underwear_e_moda_praia,3,24.599999999999998,5.9,1.0,1.0,73.8
2017-04-01,ferramentas_jardim,71,204.3829577464789,99.9,3.76056338028169,3.0,14511.19
2017-04-01,informatica_acessorios,83,191.08578313253014,79.0,3.783132530120482,3.0,15860.12
2017-04-01,instrumentos_musicais,8,261.565,279.27,5.25,4.5,2092.52
2017-04-01,livros_importados,1,32.489999999999995,32.489999999999995,3.0,3.0,32.489999999999995
2017-04-01,livros_interesse_geral,10,74.958,53.9,3.3,3.0,749.5799999999999
2017-04-01,malas_acessorios,32,157.021875,139.9,4.5,3.0,5024.7
2017-04-01,market_place,14,107.83500000000001,62.8,4.0,3.5,1509.69
2017-04-01,moveis_cozinha_area_de_servico_jantar_e_jardim,5,177.34,108.9,5.6,4.0,886.7
2017-04-01,moveis_decoracao,135,122.13481481481482,69.9,3.7555555555555555,3.0,16488.2
2017-04-01,moveis_escritorio,34,209.57588235294116,178.45499999999998,5.0,3.5,7125.58
2017-04-01,moveis_quarto,3,216.32333333333335,229.0,4.333333333333333,5.0,648.97
2017-04-01,moveis_sala,10,157.434,116.935,3.0,2.5,1574.34
2017-04-01,musica,2,29.9,29.9,2.0,2.0,59.8
2017-04-01,papelaria,25,139.096,69.9,3.68,3.0,3477.4
2017-04-01,pc_gamer,2,129.99,129.99,2.0,2.0,259.98
2017-04-01,perfumaria,92,204.8536956521739,196.995,4.673913043478261,4.0,18846.54
2017-04-01,pet_shop,39,127.39794871794872,99.9,3.2051282051282053,2.0,4968.52
2017-04-01,relogios_presentes,66,267.19939393939393,198.95,5.106060606060606,5.0,17635.16
2017-04-01,sinalizacao_e_seguranca,2,26.53,26.53,1.5,1.5,53.06
2017-04-01,tablets_impressao_imagem,6,110.48166666666667,99.0,3.3333333333333335,2.5,662.89
2017-04-01,telefonia,92,49.65478260869565,19.99,2.2065217391304346,2.0,4568.24
2017-04-01,telefonia_fixa,4,35.22,36.49,3.25,3.0,140.88
2017-04-01,utilidades_domesticas,104,114.0653846153846,84.945,3.9423076923076925,3.0,11862.8
2017-05-01,agro_industria_e_comercio,3,329.98333333333335,59.99,4.666666666666667,3.0,989.95
2017-05-01,alimentos,2,134.45,134.45,3.5,3.5,268.9
2017-05-01,alimentos_bebidas,5,40.242,27.9,2.4,2.0,201.20999999999998
2017-05-01,artes,5,55.77,48.65,4.0,3.0,278.85
2017-05-01,audio,13,126.34461538461538,89.9,3.5384615384615383,3.0,1642.48
2017-05-01,automotivo,81,182.88987654320988,117.3,4.506172839506172,3.0,14814.08
2017-05-01,bebes,85,91.28752941176471,61.9,3.4941176470588236,2.0,7759.4400000000005
2017-05-01,bebidas,1,90.0,90.0,1.0,1.0,90.0
2017-05-01,beleza_saude,206,175.46495145631067,91.445,4.077669902912621,3.0,36145.78
2017-05-01,brinquedos,149,119.32778523489932,89.9,3.563758389261745,3.0,17779.84
2017-05-01,cama_mesa_banho,255,110.19278431372548,89.9,4.780392156862745,4.0,28099.16
2017-05-01,casa_conforto,26,160.595,89.9,5.653846153846154,4.0,4175.47
2017-05-01,casa_construcao,4,398.15,372.55,7.75,8.5,1592.6
2017-05-01,climatizacao,5,162.55599999999998,161.99,6.6,10.0,812.78
2017-05-01,consoles_games,19,108.54842105263158,69.9,2.736842105263158,2.0,2062.42
2017-05-01,construcao_ferramentas_construcao,1,99.99,99.99,10.0,10.0,99.99
2017-05-01,construcao_ferramentas_ferramentas,1,729.0,729.0,10.0,10.0,729.0
2017-05-01,construcao_ferramentas_jardim,6,262.87333333333333,124.85,5.0,4.5,1577.24
2017-05-01,cool_stuff,186,141.04623655913977,119.99,4.209677419354839,4.0,26234.6
2017-05-01,dvds_blu_ray,3,19.9,19.9,1.0,1.0,59.699999999999996
2017-05-01,eletrodomesticos,21,79.29523809523809,69.9,2.238095238095238,2.0,1665.2
2017-05-01,eletrodomesticos_2,9,343.6711111111111,129.0,4.222222222222222,2.0,3093.04
2017-05-01,eletronicos,49,113.67795918367348,59.95,3.4489795918367347,3.0,5570.22
2017-05-01,eletroportateis,13,295.49615384615385,129.9,5.230769230769231,3.0,3841.45
2017-05-01,esporte_lazer,204,139.66210784313725,85.45,3.8137254901960786,3.0,28491.07
2017-05-01,fashion_bolsas_e_acessorios,67,87.13671641791045,49.9,3.1194029850746268,2.0,5838.16
2017-05-01,fashion_calcados,18,67.55222222222223,35.9,2.6666666666666665,2.0,1215.94
2017-05-01,fashion_esporte,2,49.94,49.94,2.5,2.5,99.88
2017-05-01,fashion_roupa_feminina,4,70.525,54.9,4.5,3.0,282.1
2017-05-01,fashion_roupa_infanto_juvenil,1,110.0,110.0,1.0,1.0,110.0
2017-05-01,fashion_roupa_masculina,3,202.9666666666667,110.9,4.333333333333333,2.0,608.9000000000001
2017-05-01,fashion_underwear_e_moda_praia,2,98.95,98.95,1.5,1.5,197.9
2017-05-01,ferramentas_jardim,94,189.7360638297872,119.995,5.0638297872340425,5.0,17835.19
2017-05-01,industria_comercio_e_negocios,2,259.9,259.9,6.0,6.0,519.8
2017-05-01,informatica_acessorios,190,154.69636842105263,89.0,3.6052631578947367,3.0,29392.31
2017-05-01,instrumentos_musicais,15,747.3186666666666,379.99,4.466666666666667,3.0,11209.779999999999
2017-05-01,la_cuisine,1,193.0,193.0,10.0,10.0,193.0
2017-05-01,livros_interesse_geral,15,106.99933333333334,119.5,4.6,5.0,1604.99
2017-05-01,livros_tecnicos,1,88.5,88.5,9.0,9.0,88.5
2017-05-01,malas_acessorios,49,215.8412244897959,109.9,5.571428571428571,5.0,10576.22
2017-05-01,market_place,16,131.461875,102.95,4.4375,3.5,2103.39
2017-05-01,moveis_colchao_e_estofado,3,198.63,109.4,3.0,2.0,595.89
2017-05-01,moveis_cozinha_area_de_servico_jantar_e_jardim,8,160.5725,48.9,5.0,5.0,1284.58
2017-05-01,moveis_decoracao,183,114.34579234972676,77.0,4.0,3.0,20925.28
2017-05-01,moveis_escritorio,30,203.02633333333333,164.97500000000002,6.3,6.0,6090.79
2017-05-01,moveis_quarto,3,200.66,219.0,5.666666666666667,6.0,601.98
2017-05-01,moveis_sala,23,171.07217391304349,129.9,5.043478260869565,5.0,3934.66
2017-05-01,papelaria,51,102.27411764705883,69.9,4.254901960784314,4.0,5215.9800000000005
2017-05-01,pc_gamer,1,129.99,129.99,3.0,3.0,129.99
2017-05-01,perfumaria,106,163.0268867924528,129.9,4.811320754716981,4.0,17280.85
2017-05-01,pet_shop,48,159.928125,88.525,4.0625,3.0,7676.55
2017-05-01,relogios_presentes,102,330.6354901960784,183.965,5.715686274509804,6.0,33724.82
2017-05-01,sinalizacao_e_seguranca,1,74.9,74.9,5.0,5.0,74.9
2017-05-01,tablets_impressao_imagem,5,263.396,99.0,3.8,2.0,1316.98
2017-05-01,telefonia,148,50.701081081081085,25.99,2.358108108108108,2.0,7503.76
2017-05-01,telefonia_fixa,7,39.832857142857144,34.98,3.142857142857143,4.0,278.83
2017-05-01,utilidades_domesticas,192,84.93526041666667,59.9,3.6458333333333335,3.0,16307.57
2017-06-01,agro_industria_e_comercio,1,1390.0,1390.0,10.0,10.0,1390.0
2017-06-01,alimentos,1,149.9,149.9,4.0,4.0,149.9
2017-06-01,alimentos_bebidas,2,28.7,28.7,3.0,3.0,57.4
2017-06-01,artes,5,84.34,48.65,3.8,2.0,421.7
2017-06-01,artigos_de_natal,2,92.35,92.35,6.5,6.5,184.7
2017-06-01,audio,8,132.25,89.0,5.25,5.0,1058.0
2017-06-01,automotivo,80,339.542625,127.095,4.6625,3.5,27163.41
2017-06-01,bebes,48,118.2975,79.9,3.3541666666666665,2.0,5678.28
2017-06-01,beleza_saude,185,134.70805405405406,79.0,3.7783783783783784,3.0,24920.99
2017-06-01,brinquedos,119,108.06445378151261,86.99,3.8403361344537816,3.0,12859.67
2017-06-01,cama_mesa_banho,260,109.98038461538462,89.9,4.438461538461539,4.0,28594.9
2017-06-01,casa_conforto,12,162.865,159.89499999999998,6.25,7.0,1954.38
2017-06-01,casa_construcao,1,595.0,595.0,10.0,10.0,595.0
2017-06-01,cine_foto,1,79.0,79.0,3.0,3.0,79.0
2017-06-01,climatizacao,5,237.156,103.95,3.6,3.0,1185.78
2017-06-01,consoles_games,23,219.9534782608696,119.80000000000001,5.043478260869565,4.0,5058.93
2017-06-01,construcao_ferramentas_construcao,4,108.5925,109.875,4.75,3.5,434.37
2017-06-01,construcao_ferramentas_jardim,2,197.35000000000002,197.35000000000002,10.0,10.0,394.70000000000005
2017-06-01,cool_stuff,153,200.10718954248367,119.99,4.73202614379085,4.0,30616.4
2017-06-01,dvds_blu_ray,4,31.6725,19.9,2.75,3.0,126.69
2017-06-01,eletrodomesticos,29,65.14137931034483,42.0,3.0344827586206895,2.0,1889.1
2017-06-01,eletrodomesticos_2,3,201.66,205.99,8.0,8.0,604.98
2017-06-01,eletronicos,25,62.5872,40.0,2.48,2.0,1564.68
2017-06-01,eletroportateis,18,259.5566666666667,136.49,6.222222222222222,6.0,4672.02
2017-06-01,esporte_lazer,191,137.58256544502618,79.8,3.418848167539267,3.0,26278.27
2017-06-01,fashion_bolsas_e_acessorios,61,97.21049180327869,59.8,3.7049180327868854,3.0,5929.84
2017-06-01,fashion_calcados,15,84.892,71.82,3.1333333333333333,3.0,1273.3799999999999
2017-06-01,fashion_esporte,4,83.9225,64.9,3.75,4.0,335.69
2017-06-01,fashion_roupa_feminina,3,51.6,64.9,3.6666666666666665,3.0,154.8
2017-06-01,fashion_roupa_infanto_juvenil,1,110.0,110.0,1.0,1.0,110.0
2017-06-01,fashion_roupa_masculina,7,82.01285714285714,74.69999999999999,2.5714285714285716,1.0,574.09
2017-06-01,ferramentas_jardim,80,174.763125,102.945,4.2125,3.0,13981.050000000001
2017-06-01,industria_comercio_e_negocios,1,145.97,145.97,1.0,1.0,145.97
2017-06-01,informatica_acessorios,148,156.86331081081082,69.9,3.9324324324324325,3.0,23215.77
2017-06-01,instrumentos_musicais,16,274.628125,219.58,6.0,7.0,4394.05
2017-06-01,livros_importados,1,99.0,99.0,4.0,4.0,99.0
2017-06-01,livros_interesse_geral,16,97.13625,115.0,2.625,2.0,1554.18
2017-06-01,livros_tecnicos,1,65.9,65.9,1.0,1.0,65.9
2017-06-01,malas_acessorios,42,138.30690476190478,102.9,4.357142857142857,3.5,5808.89
2017-06-01,market_place,9,58.775555555555556,49.9,2.5555555555555554,1.0,528.98
2017-06-01,moveis_cozinha_area_de_servico_jantar_e_jardim,3,48.6,48.9,3.6666666666666665,4.0,145.8
2017-06-01,moveis_decoracao,133,98.21097744360902,59.9,3.7969924812030076,3.0,13062.06
2017-06-01,moveis_escritorio,27,157.73444444444445,146.99,4.777777777777778,5.0,4258.83
2017-06-01,moveis_quarto,1,219.0,219.0,5.0,5.0,219.0
2017-06-01,moveis_sala,10,142.53699999999998,109.47,4.8,4.0,1425.37
2017-06-01,musica,3,245.96666666666667,329.0,6.333333333333333,5.0,737.9
2017-06-01,papelaria,29,102.73344827586207,79.0,4.655172413793103,4.0,2979.27
2017-06-01,perfumaria,114,184.7259649122807,167.92,5.114035087719298,4.0,21058.76
2017-06-01,pet_shop,44,88.48613636363636,76.75,3.1136363636363638,2.5,3893.39
2017-06-01,portateis_casa_forno_e_cafe,1,71.9,71.9,4.0,4.0,71.9
2017-06-01,relogios_presentes,90,276.626,179.945,4.588888888888889,4.0,24896.34
2017-06-01,sinalizacao_e_seguranca,1,139.9,139.9,6.0,6.0,139.9
2017-06-01,tablets_impressao_imagem,5,99.0,99.0,3.8,4.0,495.0
2017-06-01,telefonia,103,52.14980582524272,25.99,2.563106796116505,2.0,5371.43
2017-06-01,telefonia_fixa,9,55.04777777777778,32.99,3.5555555555555554,4.0,495.43
2017-06-01,utilidades_domesticas,224,86.9715625,59.9,3.419642857142857,3.0,19481.63
2017-07-01,agro_industria_e_comercio,1,1180.0,1180.0,2.0,2.0,1180.0
2017-07-01,alimentos,4,85.8175,104.45,2.25,2.0,343.27
2017-07-01,alimentos_bebidas,6,24.71666666666667,19.95,2.1666666666666665,1.5,148.3
2017-07-01,artes,2,174.95,174.95,3.5,3.5,349.9
2017-07-01,artes_e_artesanato,1,129.9,129.9,7.0,7.0,129.9
2017-07-01,artigos_de_festas,1,69.9,69.9,3.0,3.0,69.9
2017-07-01,artigos_de_natal,1,6.19,6.19,1.0,1.0,6.19
2017-07-01,audio,3,134.33,98.0,5.0,3.0,402.99
2017-07-01,automotivo,81,130.2414814814815,64.9,3.9876543209876543,4.0,10549.56
2017-07-01,bebes,91,134.31615384615384,79.9,4.164835164835165,3.0,12222.77
2017-07-01,bebidas,2,136.985,136.985,3.5,3.5,273.97
2017-07-01,beleza_saude,212,145.7858962264151,89.99,3.7169811320754715,3.0,30906.61
2017-07-01,brinquedos,159,120.60081761006289,89.8,3.9371069182389937,3.0,19175.53
2017-07-01,cama_mesa_banho,415,134.22404819277108,99.9,4.934939759036145,4.0,55702.98
2017-07-01,casa_conforto,21,130.79904761904763,89.9,4.428571428571429,4.0,2746.78
2017-07-01,casa_conforto_2,1,12.9,12.9,1.0,1.0,12.9
2017-07-01,casa_construcao,1,93.6,93.6,1.0,1.0,93.6
2017-07-01,cds_dvds_musicais,2,45.0,45.0,2.0,2.0,90.0
2017-07-01,climatizacao,2,68.4,68.4,1.0,1.0,136.8
2017-07-01,consoles_games,32,148.65375,79.0,4.15625,3.5,4756.92
2017-07-01,construcao_ferramentas_construcao,2,74.74,74.74,3.5,3.5,149.48
2017-07-01,construcao_ferramentas_iluminacao,1,360.0,360.0,1.0,1.0,360.0
2017-07-01,construcao_ferramentas_jardim,6,50.198333333333345,50.525000000000006,3.8333333333333335,3.5,301.19000000000005
2017-07-01,cool_stuff,180,179.29655555555556,129.99,4.1722222222222225,3.0,32273.38
2017-07-01,dvds_blu_ray,2,357.95,357.95,3.0,3.0,715.9
2017-07-01,eletrodomesticos,29,111.43448275862069,32.9,2.586206896551724,2.0,3231.6
2017-07-01,eletrodomesticos_2,5,157.0,159.0,4.4,2.0,785.0
2017-07-01,eletronicos,65,91.27815384615384,42.5,3.046153846153846,2.0,5933.08
2017-07-01,eletroportateis,24,153.29041666666666,93.495,2.75,2.5,3678.97
2017-07-01,esporte_lazer,244,122.27176229508197,82.35,3.4631147540983607,3.0,29834.31
2017-07-01,fashion_bolsas_e_acessorios,54,72.87203703703705,49.9,2.8333333333333335,2.0,3935.09
2017-07-01,fashion_calcados,17,79.80058823529411,71.82,2.3529411764705883,2.0,1356.61
2017-07-01,fashion_esporte,1,69.9,69.9,3.0,3.0,69.9
2017-07-01,fashion_roupa_feminina,2,97.9,97.9,2.5,2.5,195.8
2017-07-01,fashion_roupa_masculina,7,94.29857142857144,59.9,2.4285714285714284,2.0,660.09
2017-07-01,fashion_underwear_e_moda_praia,3,91.60000000000001,59.9,2.3333333333333335,1.0,274.8
2017-07-01,ferramentas_jardim,120,134.99841666666666,89.0,3.808333333333333,3.0,16199.81
2017-07-01,industria_comercio_e_negocios,2,122.97999999999999,122.97999999999999,5.5,5.5,245.95999999999998
2017-07-01,informatica_acessorios,181,119.8761325966851,69.98,3.707182320441989,3.0,21697.58
2017-07-01,instrumentos_musicais,22,328.65909090909093,229.4,7.181818181818182,9.0,7230.5
2017-07-01,la_cuisine,4,117.4975,117.995,1.75,1.5,469.99
2017-07-01,livros_interesse_geral,10,119.47,126.2,4.3,5.0,1194.7
2017-07-01,livros_tecnicos,1,199.0,199.0,9.0,9.0,199.0
2017-07-01,malas_acessorios,54,120.87796296296295,102.9,4.722222222222222,4.5,6527.41
2017-07-01,market_place,12,124.87333333333333,62.8,3.75,3.5,1498.48
2017-07-01,moveis_colchao_e_estofado,1,109.4,109.4,3.0,3.0,109.4
2017-07-01,moveis_cozinha_area_de_servico_jantar_e_jardim,7,164.3857142857143,95.8,5.142857142857143,4.0,1150.7
2017-07-01,moveis_decoracao,184,101.80880434782608,59.94,4.114130434782608,3.0,18732.82
2017-07-01,moveis_escritorio,74,187.97486486486486,159.985,4.837837837837838,4.0,13910.14
2017-07-01,moveis_quarto,3,155.99666666666667,129.0,3.3333333333333335,3.0,467.99
2017-07-01,moveis_sala,19,153.23684210526315,114.97,4.7894736842105265,4.0,2911.5
2017-07-01,musica,1,329.0,329.0,10.0,10.0,329.0
2017-07-01,papelaria,53,101.6567924528302,75.0,4.188679245283019,4.0,5387.81
2017-07-01,perfumaria,94,114.84574468085107,82.49,3.627659574468085,3.0,10795.5
2017-07-01,pet_shop,60,103.64616666666667,89.5,4.733333333333333,4.0,6218.77
2017-07-01,relogios_presentes,125,260.48992000000004,159.9,4.768,4.0,32561.24
2017-07-01,sinalizacao_e_seguranca,4,65.5475,38.45,1.75,1.5,262.19
2017-07-01,tablets_impressao_imagem,2,99.0,99.0,7.5,7.5,198.0
2017-07-01,telefonia,106,72.56905660377359,45.0,2.792452830188679,2.0,7692.32
2017-07-01,telefonia_fixa,8,27.34125,26.490000000000002,2.625,3.0,218.73
2017-07-01,utilidades_domesticas,167,100.55538922155688,69.9,3.4850299401197606,3.0,16792.75
2017-08-01,agro_industria_e_comercio,1,88.0,88.0,8.0,8.0,88.0
2017-08-01,alimentos,6,47.615,26.994999999999997,1.6666666666666667,1.0,285.69
2017-08-01,alimentos_bebidas,8,51.61375,46.44,2.75,2.0,412.91
2017-08-01,artes,4,61.175,44.9,3.25,3.0,244.7
2017-08-01,artigos_de_natal,1,58.9,58.9,1.0,1.0,58.9
2017-08-01,audio,6,110.26666666666665,89.0,3.6666666666666665,3.0,661.5999999999999
2017-08-01,automotivo,107,190.59747663551403,72.0,3.7383177570093458,3.0,20393.93
2017-08-01,bebes,94,174.11223404255318,109.95,4.0,3.0,16366.55
2017-08-01,bebidas,2,59.95,59.95,3.5,3.5,119.9
2017-08-01,beleza_saude,261,152.45,79.99,3.8045977011494254,3.0,39789.45
2017-08-01,brinquedos,130,118.88184615384615,85.0,3.6307692307692307,3.0,15454.64
2017-08-01,cama_mesa_banho,354,133.8990395480226,109.9,4.833333333333333,4.0,47400.26
2017-08-01,casa_conforto,17,205.80588235294115,89.9,4.470588235294118,4.0,3498.7
2017-08-01,casa_conforto_2,1,25.8,25.8,2.0,2.0,25.8
2017-08-01,casa_construcao,1,124.8,124.8,10.0,10.0,124.8
2017-08-01,cds_dvds_musicais,1,45.0,45.0,1.0,1.0,45.0
2017-08-01,climatizacao,10,391.696,160.13,4.5,4.0,3916.96
2017-08-01,consoles_games,60,113.4395,63.4,2.95,3.0,6806.37
2017-08-01,construcao_ferramentas_construcao,5,158.2,112.0,5.2,4.0,791.0
2017-08-01,construcao_ferramentas_iluminacao,1,360.0,360.0,8.0,8.0,360.0
2017-08-01,construcao_ferramentas_jardim,6,187.73166666666668,122.94500000000001,5.0,4.5,1126.39
2017-08-01,construcao_ferramentas_seguranca,1,8.9,8.9,1.0,1.0,8.9
2017-08-01,cool_stuff,174,187.3537356321839,118.99,4.040229885057471,3.0,32599.55
2017-08-01,dvds_blu_ray,4,19.9,19.9,2.0,2.0,79.6
2017-08-01,eletrodomesticos,38,96.58552631578948,69.9,2.0789473684210527,1.0,3670.25
2017-08-01,eletrodomesticos_2,12,316.31416666666667,197.895,6.166666666666667,6.0,3795.77
2017-08-01,eletronicos,35,52.37914285714286,18.9,2.3714285714285714,1.0,1833.27
2017-08-01,eletroportateis,23,161.62304347826085,50.699999999999996,2.739130434782609,2.0,3717.33
2017-08-01,esporte_lazer,275,116.89421818181818,89.9,3.4945454545454546,3.0,32145.91
2017-08-01,fashion_bolsas_e_acessorios,68,82.1310294117647,49.9,3.161764705882353,2.0,5584.91
2017-08-01,fashion_calcados,15,82.466,84.9,2.8666666666666667,2.0,1236.99
2017-08-01,fashion_roupa_feminina,3,44.6,49.0,4.333333333333333,3.0,133.8
2017-08-01,fashion_roupa_masculina,12,96.2625,94.85,2.8333333333333335,1.5,1155.15
2017-08-01,fashion_underwear_e_moda_praia,12,88.42500000000001,74.9,1.75,1.0,1061.1000000000001
2017-08-01,ferramentas_jardim,142,123.691338028169,59.9,3.9295774647887325,3.0,17564.17
2017-08-01,industria_comercio_e_negocios,2,433.5,433.5,7.5,7.5,867.0
2017-08-01,informatica_acessorios,198,113.61525252525253,59.0,3.2222222222222223,2.0,22495.82
2017-08-01,instrumentos_musicais,17,362.4323529411765,129.9,5.411764705882353,4.0,6161.35
2017-08-01,la_cuisine,2,156.5,156.5,4.0,4.0,313.0
2017-08-01,livros_importados,1,61.0,61.0,1.0,1.0,61.0
2017-08-01,livros_interesse_geral,19,80.16842105263159,43.3,3.3157894736842106,3.0,1523.2
2017-08-01,livros_tecnicos,7,101.35000000000001,89.0,3.4285714285714284,3.0,709.45
2017-08-01,malas_acessorios,51,122.06666666666666,93.8,4.666666666666667,4.0,6225.4
2017-08-01,market_place,15,102.85066666666667,62.8,3.7333333333333334,3.0,1542.76
2017-08-01,moveis_colchao_e_estofado,1,109.4,109.4,3.0,3.0,109.4
2017-08-01,moveis_cozinha_area_de_servico_jantar_e_jardim,5,190.35999999999999,199.0,6.6,10.0,951.8
2017-08-01,moveis_decoracao,250,118.11,89.3,4.04,3.0,29527.5
2017-08-01,moveis_escritorio,33,217.56484848484848,159.99,4.96969696969697,4.0,7179.64
2017-08-01,moveis_quarto,3,206.0,219.0,2.6666666666666665,3.0,618.0
2017-08-01,moveis_sala,14,127.96571428571428,120.97,5.0,4.0,1791.52
2017-08-01,papelaria,51,82.2421568627451,69.0,3.019607843137255,3.0,4194.35
2017-08-01,pcs,26,1203.8461538461538,1200.0,9.076923076923077,8.0,31300.0
2017-08-01,perfumaria,95,122.49968421052631,81.0,4.021052631578947,3.0,11637.47
2017-08-01,pet_shop,59,145.86474576271186,100.0,4.203389830508475,3.0,8606.02
2017-08-01,portateis_casa_forno_e_cafe,1,87.16,87.16,10.0,10.0,87.16
2017-08-01,relogios_presentes,150,205.94073333333333,159.9,4.4,4.0,30891.11
2017-08-01,sinalizacao_e_seguranca,3,82.93333333333334,89.9,3.0,3.0,248.8
2017-08-01,tablets_impressao_imagem,4,75.4475,64.495,2.25,1.5,301.79
2017-08-01,telefonia,89,89.2891011235955,39.9,2.842696629213483,2.0,7946.73
2017-08-01,telefonia_fixa,11,210.6581818181818,39.9,2.8181818181818183,2.0,2317.24
2017-08-01,utilidades_domesticas,195,94.73764102564103,69.36,3.276923076923077,2.0,18473.84
2017-09-01,agro_industria_e_comercio,3,664.6633333333333,796.0,5.666666666666667,4.0,1993.99
2017-09-01,alimentos,13,76.37846153846154,56.97,3.6923076923076925,3.0,992.92
2017-09-01,alimentos_bebidas,2,28.25,28.25,1.0,1.0,56.5
2017-09-01,artes,2,174.32,174.32,3.5,3.5,348.64
2017-09-01,artigos_de_natal,2,98.85,98.85,4.0,4.0,197.7
2017-09-01,audio,7,106.38428571428572,98.0,4.142857142857143,2.0,744.69
2017-09-01,automotivo,73,168.3935616438356,100.0,3.3013698630136985,2.0,12292.73
2017-09-01,bebes,125,172.72472,109.99,3.56,2.0,21590.59
2017-09-01,bebidas,4,63.7425,68.495,1.0,1.0,254.97
2017-09-01,beleza_saude,276,156.38652173913044,89.99,4.076086956521739,3.0,43162.68
2017-09-01,brinquedos,208,112.45682692307693,79.9,3.3125,2.0,23391.02
2017-09-01,cama_mesa_banho,369,121.9359349593496,99.9,4.384823848238482,4.0,44994.36
2017-09-01,casa_conforto,17,164.1405882352941,89.9,5.411764705882353,5.0,2790.39
2017-09-01,casa_construcao,9,182.62333333333333,91.0,4.444444444444445,4.0,1643.6100000000001
2017-09-01,cine_foto,1,69.0,69.0,2.0,2.0,69.0
2017-09-01,climatizacao,7,218.8642857142857,101.9,3.857142857142857,3.0,1532.05
2017-09-01,consoles_games,44,149.71818181818182,73.495,2.9545454545454546,2.0,6587.6
2017-09-01,construcao_ferramentas_construcao,7,177.18571428571428,169.0,3.4285714285714284,2.0,1240.3
2017-09-01,construcao_ferramentas_ferramentas,3,305.63,167.9,5.333333333333333,5.0,916.89
2017-09-01,construcao_ferramentas_jardim,4,55.65,58.9,3.0,1.5,222.6
2017-09-01,construcao_ferramentas_seguranca,3,326.2133333333333,436.9,4.0,3.0,978.64
2017-09-01,cool_stuff,161,193.65173913043478,129.99,3.875776397515528,3.0,31177.93
2017-09-01,dvds_blu_ray,2,19.9,19.9,1.0,1.0,39.8
2017-09-01,eletrodomesticos,7,230.07,129.99,5.142857142857143,1.0,1610.49
2017-09-01,eletrodomesticos_2,6,278.28333333333336,229.95,6.666666666666667,7.5,1669.7
2017-09-01,eletronicos,42,83.00428571428571,34.445,2.9047619047619047,1.0,3486.18
2017-09-01,eletroportateis,24,307.37291666666664,106.4,6.666666666666667,6.0,7376.95
2017-09-01,esporte_lazer,319,125.82811912225705,96.9,2.9843260188087775,2.0,40139.17
2017-09-01,fashion_bolsas_e_acessorios,76,109.17157894736843,57.45,3.276315789473684,2.0,8297.04
2017-09-01,fashion_calcados,12,91.22500000000001,84.9,3.6666666666666665,3.0,1094.7
2017-09-01,fashion_esporte,1,225.0,225.0,6.0,6.0,225.0
2017-09-01,fashion_roupa_feminina,1,198.9,198.9,6.0,6.0,198.9
2017-09-01,fashion_roupa_masculina,8,99.11250000000001,69.9,5.25,5.0,792.9000000000001
2017-09-01,fashion_underwear_e_moda_praia,14,116.42142857142858,84.9,3.9285714285714284,3.0,1629.9
2017-09-01,ferramentas_jardim,125,151.29263999999998,59.9,3.328,2.0,18911.579999999998
2017-09-01,industria_comercio_e_negocios,2,109.99,109.99,1.0,1.0,219.98
2017-09-01,informatica_acessorios,151,139.9015894039735,99.0,3.1456953642384105,2.0,21125.14
2017-09-01,instrumentos_musicais,18,430.465,214.4,5.555555555555555,5.5,7748.37
2017-09-01,livros_importados,2,62.0,62.0,1.5,1.5,124.0
2017-09-01,livros_interesse_geral,7,74.22857142857143,53.9,3.857142857142857,1.0,519.6
2017-09-01,livros_tecnicos,5,124.4,90.0,3.4,2.0,622.0
2017-09-01,malas_acessorios,35,96.89942857142857,72.9,3.9714285714285715,3.0,3391.48
2017-09-01,market_place,8,108.07000000000001,73.85,2.25,2.0,864.5600000000001
2017-09-01,moveis_colchao_e_estofado,1,86.5,86.5,1.0,1.0,86.5
2017-09-01,moveis_cozinha_area_de_servico_jantar_e_jardim,4,102.4,92.9,5.75,6.0,409.6
2017-09-01,moveis_decoracao,205,119.92785365853658,83.9,3.84390243902439,3.0,24585.21
2017-09-01,moveis_escritorio,27,273.96555555555557,179.98,5.074074074074074,4.0,7397.070000000001
2017-09-01,moveis_quarto,2,274.85,274.85,6.0,6.0,549.7
2017-09-01,moveis_sala,9,123.7188888888889,92.99,4.888888888888889,4.0,1113.47
2017-09-01,papelaria,53,82.24245283018868,69.0,2.7169811320754715,2.0,4358.85
2017-09-01,pcs,35,1382.2625714285714,1300.0,7.571428571428571,8.0,48379.19
2017-09-01,perfumaria,112,110.14553571428571,78.4,3.3214285714285716,3.0,12336.3
2017-09-01,pet_shop,42,145.17809523809524,92.445,2.9047619047619047,2.0,6097.4800000000005
2017-09-01,portateis_casa_forno_e_cafe,1,640.99,640.99,10.0,10.0,640.99
2017-09-01,relogios_presentes,191,203.7014659685864,134.9,4.465968586387435,4.0,38906.98
2017-09-01,sinalizacao_e_seguranca,4,97.725,116.0,1.5,1.5,390.9
2017-09-01,tablets_impressao_imagem,3,77.96666666666667,99.0,3.0,2.0,233.9
2017-09-01,telefonia,126,120.11349206349206,45.0,2.9206349206349205,2.0,15134.3
2017-09-01,telefonia_fixa,5,2731.984,32.99,2.2,2.0,13659.92
2017-09-01,utilidades_domesticas,173,99.03364161849711,64.0,3.7514450867052025,3.0,17132.82
2017-10-01,agro_industria_e_comercio,3,1090.3266666666666,849.98,7.666666666666667,10.0,3270.98
2017-10-01,alimentos,10,72.86,56.97,2.2,2.0,728.6
2017-10-01,alimentos_bebidas,14,195.59642857142856,215.56,2.7857142857142856,2.5,2738.35
2017-10-01,artes,2,114.525,114.525,4.5,4.5,229.05
2017-10-01,artigos_de_festas,1,67.9,67.9,1.0,1.0,67.9
2017-10-01,artigos_de_natal,6,55.175000000000004,57.9,3.8333333333333335,2.5,331.05
2017-10-01,audio,21,76.20857142857143,89.0,2.2857142857142856,1.0,1600.38
2017-10-01,automotivo,99,162.14777777777778,117.48,3.9797979797979797,3.0,16052.630000000001
2017-10-01,bebes,107,117.61962616822431,109.9,3.514018691588785,3.0,12585.300000000001
2017-10-01,bebidas,8,62.75,65.0,1.5,1.0,502.0
2017-10-01,beleza_saude,261,137.1232950191571,89.99,3.7471264367816093,3.0,35789.18
2017-10-01,brinquedos,208,133.56658653846154,89.9,3.1971153846153846,2.0,27781.85
2017-10-01,cama_mesa_banho,354,113.07435028248588,89.9,3.9971751412429377,3.0,40028.32
2017-10-01,casa_conforto,21,145.96666666666667,89.9,4.904761904761905,3.0,3065.3
2017-10-01,casa_conforto_2,3,21.5,12.9,1.0,1.0,64.5
2017-10-01,casa_construcao,11,353.86636363636364,296.0,4.454545454545454,2.0,3892.53
2017-10-01,cds_dvds_musicais,1,45.0,45.0,4.0,4.0,45.0
2017-10-01,climatizacao,9,284.71333333333337,250.0,4.666666666666667,5.0,2562.42
2017-10-01,consoles_games,73,108.60698630136986,39.9,2.835616438356164,3.0,7928.3099999999995
2017-10-01,construcao_ferramentas_construcao,12,203.12333333333333,127.8,4.5,5.0,2437.48
2017-10-01,construcao_ferramentas_ferramentas,3,319.59999999999997,199.9,5.0,4.0,958.8
2017-10-01,construcao_ferramentas_iluminacao,2,250.0,250.0,5.5,5.5,500.0
2017-10-01,construcao_ferramentas_jardim,8,93.3625,36.75,2.25,1.0,746.9
2017-10-01,construcao_ferramentas_seguranca,6,232.6933333333333,179.95,4.166666666666667,2.5,1396.1599999999999
2017-10-01,cool_stuff,185,186.3976216216216,139.9,3.6972972972972973,3.0,34483.56
2017-10-01,dvds_blu_ray,3,49.900000000000006,19.9,2.0,1.0,149.70000000000002
2017-10-01,eletrodomesticos,6,291.0316666666667,121.69500000000001,5.166666666666667,3.5,1746.19
2017-10-01,eletrodomesticos_2,10,280.317,184.495,4.9,4.5,2803.17
2017-10-01,eletronicos,38,64.19578947368421,32.45,2.0,1.0,2439.44
2017-10-01,eletroportateis,26,215.0173076923077,70.52000000000001,3.6538461538461537,2.5,5590.45
2017-10-01,esporte_lazer,318,128.62295597484277,95.745,2.8176100628930816,2.0,40902.1
2017-10-01,fashion_bolsas_e_acessorios,70,94.53871428571429,59.95,2.9857142857142858,2.0,6617.71
2017-10-01,fashion_calcados,13,117.41692307692308,84.9,4.461538461538462,4.0,1526.42
2017-10-01,fashion_esporte,1,59.9,59.9,6.0,6.0,59.9
2017-10-01,fashion_roupa_infanto_juvenil,1,39.99,39.99,1.0,1.0,39.99
2017-10-01,fashion_roupa_masculina,9,115.75555555555555,139.9,3.0,3.0,1041.8
2017-10-01,fashion_underwear_e_moda_praia,3,62.6,49.9,1.0,1.0,187.8
2017-10-01,ferramentas_jardim,154,128.29116883116882,96.95,3.383116883116883,2.0,19756.84
2017-10-01,industria_comercio_e_negocios,4,544.1975,224.45,5.25,4.5,2176.79
2017-10-01,informatica_acessorios,164,173.6412195121951,87.47,2.774390243902439,2.0,28477.16
2017-10-01,instrumentos_musicais,17,329.42764705882354,59.9,4.588235294117647,3.0,5600.27
2017-10-01,la_cuisine,1,137.0,137.0,10.0,10.0,137.0
2017-10-01,livros_interesse_geral,5,80.14000000000001,108.9,2.4,2.0,400.70000000000005
2017-10-01,livros_tecnicos,5,122.2,70.0,3.8,4.0,611.0
2017-10-01,malas_acessorios,44,125.5259090909091,89.445,3.9318181818181817,3.5,5523.14
2017-10-01,market_place,6,138.97,49.349999999999994,2.8333333333333335,1.0,833.8199999999999
2017-10-01,moveis_cozinha_area_de_servico_jantar_e_jardim,8,319.2375,167.0,4.875,5.5,2553.9
2017-10-01,moveis_decoracao,207,111.25304347826088,89.9,4.024154589371981,3.0,23029.38
2017-10-01,moveis_escritorio,45,296.0848888888889,179.99,5.4222222222222225,4.0,13323.82
2017-10-01,moveis_quarto,2,216.95,216.95,3.0,3.0,433.9
2017-10-01,moveis_sala,10,131.329,116.94,4.7,3.0,1313.29
2017-10-01,musica,1,54.9,54.9,1.0,1.0,54.9
2017-10-01,papelaria,64,103.40515625,92.0,3.015625,2.0,6617.93
2017-10-01,pcs,25,1640.1568,1437.0,7.96,8.0,41003.92
2017-10-01,perfumaria,132,98.52295454545455,69.0,3.159090909090909,3.0,13005.03
2017-10-01,pet_shop,46,137.7845652173913,105.0,3.4347826086956523,2.5,6338.09
2017-10-01,relogios_presentes,233,246.86532188841204,159.99,4.489270386266094,4.0,57519.62
2017-10-01,sinalizacao_e_seguranca,6,99.66666666666667,116.0,2.5,2.0,598.0
2017-10-01,telefonia,172,110.84267441860464,35.0,2.697674418604651,2.0,19064.94
2017-10-01,telefonia_fixa,4,842.97,978.49,7.75,10.0,3371.88
2017-10-01,utilidades_domesticas,141,91.26631205673759,59.9,3.702127659574468,3.0,12868.55
2017-11-01,agro_industria_e_comercio,8,795.87375,415.0,7.125,8.0,6366.99
2017-11-01,alimentos,6,64.95833333333333,57.915,2.5,2.0,389.75
2017-11-01,alimentos_bebidas,18,96.25944444444445,92.45,2.611111111111111,2.0,1732.67
2017-11-01,artes,1,75.0,75.0,2.0,2.0,75.0
2017-11-01,artigos_de_festas,3,204.36333333333334,21.9,4.333333333333333,2.0,613.09
2017-11-01,artigos_de_natal,14,66.80928571428572,38.5,3.357142857142857,2.5,935.33
2017-11-01,audio,23,125.78608695652174,108.9,3.347826086956522,2.0,2893.08
2017-11-01,automotivo,196,150.53954081632654,109.95,3.438775510204082,2.0,29505.75
2017-11-01,bebes,147,124.55517006802721,74.5,3.7142857142857144,3.0,18309.61
2017-11-01,bebidas,11,61.89545454545455,44.49,1.6363636363636365,1.0,680.85
2017-11-01,beleza_saude,429,147.7732634032634,84.99,3.832167832167832,3.0,63394.73
2017-11-01,brinquedos,364,153.55552197802197,99.99,4.208791208791209,3.0,55894.21
2017-11-01,cama_mesa_banho,680,116.60477941176471,98.5,4.427941176470588,4.0,79291.25
2017-11-01,casa_conforto,26,148.90692307692308,89.9,5.576923076923077,3.5,3871.58
2017-11-01,casa_conforto_2,2,12.9,12.9,1.5,1.5,25.8
2017-11-01,casa_construcao,28,149.35107142857143,116.25,2.5714285714285716,1.5,4181.83
2017-11-01,cds_dvds_musicais,3,65.0,65.0,3.0,1.0,195.0
2017-11-01,cine_foto,1,242.0,242.0,10.0,10.0,242.0
2017-11-01,climatizacao,14,271.4157142857143,164.0,4.0,3.0,3799.82
2017-11-01,consoles_games,91,93.98934065934067,40.0,2.5824175824175826,2.0,8553.03
2017-11-01,construcao_ferramentas_construcao,31,184.54064516129034,99.0,3.4193548387096775,2.0,5720.76
2017-11-01,construcao_ferramentas_ferramentas,2,44.849999999999994,44.849999999999994,2.5,2.5,89.69999999999999
2017-11-01,construcao_ferramentas_iluminacao,5,239.89600000000002,250.0,4.4,4.0,1199.48
2017-11-01,construcao_ferramentas_jardim,9,104.27777777777777,44.9,1.6666666666666667,1.0,938.5
2017-11-01,construcao_ferramentas_seguranca,11,226.27181818181816,130.9,3.5454545454545454,4.0,2488.99
2017-11-01,cool_stuff,237,196.99244725738396,144.99,4.438818565400844,3.0,46687.21
2017-11-01,dvds_blu_ray,2,29.945,29.945,1.0,1.0,59.89
2017-11-01,eletrodomesticos,22,201.56636363636363,79.545,4.090909090909091,1.0,4434.46
2017-11-01,eletrodomesticos_2,8,375.29875,378.6,4.0,2.5,3002.39
2017-11-01,eletronicos,122,65.37737704918032,21.9,2.081967213114754,1.0,7976.04
2017-11-01,eletroportateis,24,267.03875,122.34,4.125,4.0,6408.93
2017-11-01,esporte_lazer,435,122.31691954022989,84.94,3.085057471264368,2.0,53207.86
2017-11-01,fashion_bolsas_e_acessorios,143,81.74811188811188,49.0,2.958041958041958,2.0,11689.98
2017-11-01,fashion_calcados,15,94.88000000000001,84.9,4.466666666666667,3.0,1423.2
2017-11-01,fashion_esporte,1,59.9,59.9,2.0,2.0,59.9
2017-11-01,fashion_roupa_feminina,1,29.99,29.99,1.0,1.0,29.99
2017-11-01,fashion_roupa_masculina,9,91.13222222222223,49.0,2.7777777777777777,3.0,820.19
2017-11-01,fashion_underwear_e_moda_praia,8,143.9625,153.5,3.0,2.0,1151.7
2017-11-01,ferramentas_jardim,317,115.10217665615141,59.9,3.2586750788643535,2.0,36487.39
2017-11-01,flores,4,26.275,19.8,1.25,1.0,105.1
2017-11-01,industria_comercio_e_negocios,7,296.3957142857143,87.0,6.714285714285714,10.0,2074.77
2017-11-01,informatica_acessorios,303,164.43676567656763,98.9,3.174917491749175,2.0,49824.34
2017-11-01,instrumentos_musicais,34,445.83794117647057,189.45,4.852941176470588,4.0,15158.49
2017-11-01,livros_importados,3,108.0,77.0,1.6666666666666667,1.0,324.0
2017-11-01,livros_interesse_geral,25,83.0708,74.0,2.6,1.0,2076.77
2017-11-01,livros_tecnicos,4,181.0,127.0,4.5,3.0,724.0
2017-11-01,malas_acessorios,45,144.61288888888888,129.5,3.7777777777777777,3.0,6507.58
2017-11-01,market_place,6,153.38166666666666,149.745,7.833333333333333,8.5,920.29
2017-11-01,moveis_colchao_e_estofado,2,167.0,167.0,2.0,2.0,334.0
2017-11-01,moveis_cozinha_area_de_servico_jantar_e_jardim,24,199.81625,167.495,4.041666666666667,3.5,4795.59
2017-11-01,moveis_decoracao,405,124.22064197530864,83.9,3.8518518518518516,3.0,50309.36
2017-11-01,moveis_escritorio,56,245.69732142857143,195.99,4.071428571428571,3.0,13759.05
2017-11-01,moveis_quarto,3,291.0,204.0,4.0,4.0,873.0
2017-11-01,moveis_sala,20,249.025,139.9,5.6,3.0,4980.5
2017-11-01,papelaria,120,115.38591666666666,99.0,3.1333333333333333,2.0,13846.31
2017-11-01,pcs,5,1705.0,1437.0,8.8,8.0,8525.0
2017-11-01,perfumaria,228,116.58184210526316,84.99,3.9298245614035086,3.0,26580.66
2017-11-01,pet_shop,59,154.91389830508476,100.0,3.1864406779661016,2.0,9139.92
2017-11-01,relogios_presentes,351,245.95908831908832,146.0,4.401709401709402,4.0,86331.64
2017-11-01,tablets_impressao_imagem,4,56.150000000000006,69.9,3.75,3.0,224.60000000000002
2017-11-01,telefonia,269,75.41215613382899,28.99,3.007434944237918,2.0,20285.87
2017-11-01,telefonia_fixa,3,228.32666666666668,90.0,3.0,3.0,684.98
2017-11-01,utilidades_domesticas,280,113.49692857142857,65.205,3.467857142857143,3.0,31779.14
2017-12-01,agro_industria_e_comercio,4,292.175,326.9,5.0,5.0,1168.7
2017-12-01,alimentos,9,97.47888888888889,130.0,2.3333333333333335,2.0,877.3100000000001
2017-12-01,alimentos_bebidas,11,64.5,45.62,2.5454545454545454,1.0,709.5
2017-12-01,artes,2,54.95,54.95,4.0,4.0,109.9
2017-12-01,artigos_de_festas,1,257.6,257.6,2.0,2.0,257.6
2017-12-01,artigos_de_natal,13,32.61538461538461,25.0,1.4615384615384615,1.0,424.0
2017-12-01,audio,15,170.676,76.89,3.0,2.0,2560.14
2017-12-01,automotivo,178,164.23539325842697,109.9,3.5786516853932584,2.5,29233.9
2017-12-01,bebes,102,146.30480392156863,110.0,3.7450980392156863,3.0,14923.09
2017-12-01,bebidas,25,75.596,55.49,1.68,1.0,1889.9
2017-12-01,beleza_saude,342,157.81672514619882,89.99,3.9473684210526314,3.0,53973.32
2017-12-01,brinquedos,352,140.54886363636362,99.9,3.7556818181818183,3.0,49473.2
2017-12-01,cama_mesa_banho,373,110.39753351206434,89.99,4.659517426273458,4.0,41178.28
2017-12-01,casa_conforto,11,182.25454545454545,153.8,6.090909090909091,6.0,2004.8
2017-12-01,casa_construcao,26,235.1769230769231,205.0,4.846153846153846,4.5,6114.6
2017-12-01,cds_dvds_musicais,1,65.0,65.0,7.0,7.0,65.0
2017-12-01,climatizacao,3,222.9333333333333,199.0,5.333333333333333,3.0,668.8
2017-12-01,consoles_games,65,109.862,50.0,3.0923076923076924,3.0,7141.03
2017-12-01,construcao_ferramentas_construcao,13,315.5692307692307,109.9,4.769230769230769,4.0,4102.4
2017-12-01,construcao_ferramentas_ferramentas,5,63.9,29.9,2.2,1.0,319.5
2017-12-01,construcao_ferramentas_jardim,5,182.198,122.9,8.6,10.0,910.99
2017-12-01,construcao_ferramentas_seguranca,4,294.9675,289.97,2.75,1.0,1179.87
2017-12-01,cool_stuff,182,177.45302197802198,162.695,3.8736263736263736,3.0,32296.45
2017-12-01,dvds_blu_ray,1,119.9,119.9,1.0,1.0,119.9
2017-12-01,eletrodomesticos,13,72.84692307692308,39.9,1.5384615384615385,1.0,947.01
2017-12-01,eletrodomesticos_2,5,256.656,209.99,4.4,4.0,1283.28
2017-12-01,eletronicos,137,44.58985401459854,19.9,1.7372262773722629,1.0,6108.8099999999995
2017-12-01,eletroportateis,21,337.3561904761905,193.0,4.476190476190476,3.0,7084.48
2017-12-01,esporte_lazer,340,143.69220588235294,99.4,3.052941176470588,2.0,48855.35
2017-12-01,fashion_bolsas_e_acessorios,94,89.88510638297873,49.9,2.702127659574468,2.0,8449.2
2017-12-01,fashion_calcados,8,112.0375,99.25,3.75,2.5,896.3
2017-12-01,fashion_roupa_masculina,1,292.5,292.5,6.0,6.0,292.5
2017-12-01,fashion_underwear_e_moda_praia,11,97.57272727272726,59.9,2.0,2.0,1073.3
2017-12-01,ferramentas_jardim,182,116.62675824175824,89.99,3.1538461538461537,2.0,21226.07
2017-12-01,flores,2,41.35,41.35,1.0,1.0,82.7
2017-12-01,fraldas_higiene,1,76.0,76.0,2.0,2.0,76.0
2017-12-01,industria_comercio_e_negocios,4,294.975,177.5,5.25,4.5,1179.9
2017-12-01,informatica_acessorios,171,167.00473684210527,105.0,2.871345029239766,2.0,28557.81
2017-12-01,instrumentos_musicais,31,252.67129032258063,129.9,4.290322580645161,2.0,7832.8099999999995
2017-12-01,livros_importados,2,77.0,77.0,2.0,2.0,154.0
2017-12-01,livros_interesse_geral,33,65.94242424242424,44.9,2.6363636363636362,2.0,2176.1
2017-12-01,livros_tecnicos,3,177.58333333333334,130.8,2.0,1.0,532.75
2017-12-01,malas_acessorios,36,134.82611111111112,129.99,3.6666666666666665,3.0,4853.74
2017-12-01,market_place,7,67.52285714285715,39.8,2.7142857142857144,3.0,472.66
2017-12-01,moveis_colchao_e_estofado,7,138.24285714285716,85.0,3.857142857142857,3.0,967.7
2017-12-01,moveis_cozinha_area_de_servico_jantar_e_jardim,15,262.4866666666667,299.0,5.533333333333333,4.0,3937.3
2017-12-01,moveis_decoracao,222,108.94833333333332,76.8,3.671171171171171,2.0,24186.53
2017-12-01,moveis_escritorio,27,184.03296296296298,169.99,4.62962962962963,4.0,4968.89
2017-12-01,moveis_quarto,1,185.0,185.0,4.0,4.0,185.0
2017-12-01,moveis_sala,14,165.59357142857144,117.935,4.714285714285714,4.0,2318.31
2017-12-01,papelaria,192,115.54989583333334,89.0,3.1354166666666665,2.0,22185.58
2017-12-01,pcs,13,1011.3076923076923,599.0,5.538461538461538,4.0,13147.0
2017-12-01,perfumaria,169,127.42254437869822,114.9,3.5502958579881656,3.0,21534.41
2017-12-01,pet_shop,58,106.00120689655172,97.4,2.9310344827586206,2.0,6148.07
2017-12-01,relogios_presentes,273,206.20893772893774,155.99,4.17948717948718,3.0,56295.04
2017-12-01,sinalizacao_e_seguranca,2,385.0,385.0,6.5,6.5,770.0
2017-12-01,tablets_impressao_imagem,4,69.9,69.9,5.0,5.5,279.6
2017-12-01,telefonia,180,55.462611111111116,29.99,2.272222222222222,2.0,9983.27
2017-12-01,telefonia_fixa,3,287.93,199.9,5.0,4.0,863.79
2017-12-01,utilidades_domesticas,191,108.29617801047121,71.0,3.5706806282722514,3.0,20684.57
2018-01-01,agro_industria_e_comercio,9,499.7155555555556,412.0,5.888888888888889,8.0,4497.4400000000005
2018-01-01,alimentos,13,43.78,29.1,1.9230769230769231,1.0,569.14
2018-01-01,alimentos_bebidas,9,33.37444444444444,32.5,1.2222222222222223,1.0,300.37
2018-01-01,artes,10,137.38400000000001,134.99,2.3,2.0,1373.8400000000001
2018-01-01,artigos_de_festas,2,67.9,67.9,1.0,1.0,135.8
2018-01-01,artigos_de_natal,8,96.45,79.9,1.5,1.5,771.6
2018-01-01,audio,19,141.66263157894738,129.9,3.0,2.0,2691.59
2018-01-01,automotivo,175,154.98154285714287,117.3,3.0171428571428573,2.0,27121.77
2018-01-01,bebes,164,159.80603658536586,109.9,3.3597560975609757,2.5,26208.19
2018-01-01,bebidas,32,60.6153125,55.49,1.75,1.0,1939.69
2018-01-01,beleza_saude,437,135.36565217391305,89.99,3.553775743707094,3.0,59154.79
2018-01-01,brinquedos,110,153.755,99.89500000000001,2.590909090909091,2.0,16913.05
2018-01-01,cama_mesa_banho,554,115.8728880866426,85.9,3.884476534296029,3.0,64193.58
2018-01-01,casa_conforto,12,195.71416666666667,154.495,4.666666666666667,4.0,2348.57
2018-01-01,casa_construcao,24,211.12416666666664,95.2,3.25,2.5,5066.98
2018-01-01,cine_foto,1,99.99,99.99,1.0,1.0,99.99
2018-01-01,climatizacao,15,263.1306666666667,149.0,3.066666666666667,1.0,3946.96
2018-01-01,consoles_games,40,164.481,74.945,3.15,2.5,6579.24
2018-01-01,construcao_ferramentas_construcao,30,271.31533333333334,123.95,4.566666666666666,3.5,8139.46
2018-01-01,construcao_ferramentas_ferramentas,6,78.75,37.9,1.8333333333333333,1.0,472.5
2018-01-01,construcao_ferramentas_iluminacao,5,469.6,250.0,4.0,4.0,2348.0
2018-01-01,construcao_ferramentas_jardim,16,182.3675,111.45,1.875,1.0,2917.88
2018-01-01,construcao_ferramentas_seguranca,3,440.31,379.94,6.333333333333333,8.0,1320.93
2018-01-01,cool_stuff,219,146.49164383561646,129.99,3.356164383561644,3.0,32081.670000000002
2018-01-01,dvds_blu_ray,1,24.9,24.9,2.0,2.0,24.9
2018-01-01,eletrodomesticos,24,68.08125,54.42,2.875,1.0,1633.95
2018-01-01,eletrodomesticos_2,11,744.2818181818183,626.0,5.090909090909091,3.0,8187.1
2018-01-01,eletronicos,228,51.70469298245614,19.9,1.513157894736842,1.0,11788.67
2018-01-01,eletroportateis,42,327.99142857142857,193.0,5.5,5.5,13775.64
2018-01-01,esporte_lazer,430,177.84120930232558,107.0,2.6767441860465118,2.0,76471.72
2018-01-01,fashion_bolsas_e_acessorios,80,78.69475,49.9,3.0125,2.0,6295.58
2018-01-01,fashion_calcados,7,95.24285714285715,84.9,3.5714285714285716,3.0,666.7
2018-01-01,fashion_roupa_feminina,2,47.945,47.945,2.5,2.5,95.89
2018-01-01,fashion_roupa_masculina,3,83.63333333333334,59.9,2.6666666666666665,1.0,250.9
2018-01-01,fashion_underwear_e_moda_praia,7,99.22857142857143,59.9,3.857142857142857,4.0,694.6
2018-01-01,ferramentas_jardim,153,137.4699346405229,99.8,3.411764705882353,2.0,21032.9
2018-01-01,flores,7,40.65714285714286,31.2,1.2857142857142858,1.0,284.6
2018-01-01,fraldas_higiene,1,125.0,125.0,4.0,4.0,125.0
2018-01-01,industria_comercio_e_negocios,13,253.73076923076923,104.0,3.1538461538461537,2.0,3298.5
2018-01-01,informatica_acessorios,403,141.8072952853598,89.9,2.399503722084367,1.0,57148.340000000004
2018-01-01,instrumentos_musicais,35,319.7857142857143,199.0,4.057142857142857,4.0,11192.5
2018-01-01,la_cuisine,1,112.0,112.0,2.0,2.0,112.0
2018-01-01,livros_importados,6,97.16666666666667,90.5,5.0,3.5,583.0
2018-01-01,livros_interesse_geral,28,47.93571428571429,34.0,2.9285714285714284,2.0,1342.2
2018-01-01,livros_tecnicos,14,80.72857142857143,60.5,2.4285714285714284,1.5,1130.2
2018-01-01,malas_acessorios,104,161.02480769230772,129.25,3.6538461538461537,3.0,16746.58
2018-01-01,market_place,7,40.278571428571425,32.3,2.7142857142857144,3.0,281.95
2018-01-01,moveis_colchao_e_estofado,9,95.61111111111111,75.0,3.7777777777777777,2.0,860.5
2018-01-01,moveis_cozinha_area_de_servico_jantar_e_jardim,15,251.04,210.0,3.933333333333333,3.0,3765.6
2018-01-01,moveis_decoracao,347,122.9764265129683,93.0,3.446685878962536,2.0,42672.82
2018-01-01,moveis_escritorio,67,199.79552238805968,159.96,5.134328358208955,3.0,13386.3
2018-01-01,moveis_quarto,4,189.45,185.0,3.75,4.0,757.8
2018-01-01,moveis_sala,16,120.641875,139.9,3.5625,3.0,1930.27
2018-01-01,papelaria,328,110.04786585365852,89.0,3.192073170731707,2.0,36095.7
2018-01-01,pcs,9,606.8888888888889,599.0,4.666666666666667,4.0,5462.0
2018-01-01,perfumaria,165,105.89945454545455,69.9,3.43030303030303,3.0,17473.41
2018-01-01,pet_shop,63,155.6788888888889,119.0,3.619047619047619,3.0,9807.77
2018-01-01,portateis_casa_forno_e_cafe,1,369.99,369.99,10.0,10.0,369.99
2018-01-01,relogios_presentes,274,238.67850364963505,149.0,4.226277372262774,4.0,65397.91
2018-01-01,sinalizacao_e_seguranca,3,96.63,59.9,1.6666666666666667,2.0,289.89
2018-01-01,tablets_impressao_imagem,1,106.9,106.9,5.0,5.0,106.9
2018-01-01,telefonia,254,43.71299212598425,29.99,2.4803149606299213,2.0,11103.1
2018-01-01,telefonia_fixa,8,250.51500000000001,37.47,2.375,1.5,2004.1200000000001
2018-01-01,utilidades_domesticas,253,120.13399209486167,79.9,3.6363636363636362,3.0,30393.9
2018-02-01,agro_industria_e_comercio,15,345.05333333333334,412.0,4.466666666666667,3.0,5175.8
2018-02-01,alimentos,18,76.28055555555555,55.985,2.6666666666666665,2.0,1373.05
2018-02-01,alimentos_bebidas,15,49.94866666666667,40.8,1.7333333333333334,1.0,749.23
2018-02-01,artes,11,109.34636363636363,110.99,2.5454545454545454,2.0,1202.81
2018-02-01,artigos_de_natal,12,124.56666666666668,79.9,3.0,2.0,1494.8000000000002
2018-02-01,audio,12,203.71583333333334,175.0,3.5833333333333335,3.0,2444.59
2018-02-01,automotivo,241,154.2864315352697,89.9,2.95850622406639,2.0,37183.03
2018-02-01,bebes,139,166.4361870503597,74.5,3.0215827338129495,2.0,23134.63
2018-02-01,bebidas,21,77.35714285714286,47.49,1.7619047619047619,1.0,1624.5
2018-02-01,beleza_saude,479,151.7243841336117,89.99,3.528183716075157,3.0,72675.98
2018-02-01,brinquedos,114,119.37561403508772,87.3,2.587719298245614,1.0,13608.82
2018-02-01,cama_mesa_banho,469,108.71341151385928,86.9,3.863539445628998,3.0,50986.590000000004
2018-02-01,casa_conforto,15,146.73733333333334,89.9,3.7333333333333334,3.0,2201.06
2018-02-01,casa_conforto_2,1,25.8,25.8,1.0,1.0,25.8
2018-02-01,casa_construcao,27,184.48185185185187,95.2,3.740740740740741,2.0,4981.01
2018-02-01,cine_foto,1,130.0,130.0,3.0,3.0,130.0
2018-02-01,climatizacao,8,205.31125,134.945,3.25,2.5,1642.49
2018-02-01,consoles_games,45,249.17444444444445,119.9,3.111111111111111,2.0,11212.85
2018-02-01,construcao_ferramentas_construcao,41,155.63365853658536,98.0,3.7560975609756095,3.0,6380.98
2018-02-01,construcao_ferramentas_ferramentas,8,149.825,90.95,3.125,2.0,1198.6
2018-02-01,construcao_ferramentas_iluminacao,5,225.38000000000002,249.95000000000002,5.6,6.0,1126.9
2018-02-01,construcao_ferramentas_jardim,11,132.94181818181818,58.9,3.5454545454545454,1.0,1462.36
2018-02-01,construcao_ferramentas_seguranca,4,661.9875,395.06,6.5,7.0,2647.95
2018-02-01,cool_stuff,144,171.40166666666667,144.99,4.152777777777778,3.0,24681.84
2018-02-01,eletrodomesticos,37,128.37783783783786,63.14,1.8918918918918919,1.0,4749.9800000000005
2018-02-01,eletrodomesticos_2,13,558.4507692307692,229.9,6.461538461538462,7.0,7259.86
2018-02-01,eletronicos,218,50.90628440366972,19.9,1.6743119266055047,1.0,11097.57
2018-02-01,eletroportateis,23,125.2313043478261,99.0,3.1739130434782608,2.0,2880.32
2018-02-01,esporte_lazer,454,139.73495594713657,107.0,2.5770925110132157,2.0,63439.67
2018-02-01,fashion_bolsas_e_acessorios,76,96.25986842105263,49.9,2.5921052631578947,2.0,7315.75
2018-02-01,fashion_calcados,9,97.3111111111111,84.9,2.5555555555555554,2.0,875.8
2018-02-01,fashion_roupa_feminina,1,29.99,29.99,1.0,1.0,29.99
2018-02-01,fashion_roupa_masculina,3,129.36333333333332,150.9,2.0,2.0,388.09
2018-02-01,fashion_underwear_e_moda_praia,6,58.23333333333333,54.9,3.3333333333333335,3.0,349.4
2018-02-01,ferramentas_jardim,158,126.8286075949367,99.8,3.6202531645569622,3.0,20038.92
2018-02-01,flores,4,33.620000000000005,25.49,1.0,1.0,134.48000000000002
2018-02-01,fraldas_higiene,1,100.0,100.0,4.0,4.0,100.0
2018-02-01,industria_comercio_e_negocios,23,169.2082608695652,107.8,3.0434782608695654,2.0,3891.79
2018-02-01,informatica_acessorios,601,119.24249584026623,98.0,2.3377703826955076,2.0,71664.74
2018-02-01,instrumentos_musicais,28,263.3367857142857,194.45,3.6785714285714284,3.0,7373.43
2018-02-01,livros_importados,2,124.0,124.0,4.5,4.5,248.0
2018-02-01,livros_interesse_geral,24,68.9875,44.9,1.75,1.0,1655.7
2018-02-01,livros_tecnicos,17,67.2664705882353,49.94,3.0588235294117645,3.0,1143.53
2018-02-01,malas_acessorios,37,138.50783783783783,99.9,3.3783783783783785,3.0,5124.79
2018-02-01,market_place,15,108.34733333333334,118.9,4.0,4.0,1625.21
2018-02-01,moveis_colchao_e_estofado,3,64.89999999999999,75.0,4.333333333333333,2.0,194.7
2018-02-01,moveis_cozinha_area_de_servico_jantar_e_jardim,13,287.4738461538461,139.0,5.153846153846154,5.0,3737.16
2018-02-01,moveis_decoracao,261,127.87214559386972,99.0,3.3371647509578546,2.0,33374.63
2018-02-01,moveis_escritorio,55,252.73163636363637,189.99,4.5636363636363635,3.0,13900.24
2018-02-01,moveis_quarto,6,149.29999999999998,179.45,4.833333333333333,4.5,895.8
2018-02-01,moveis_sala,14,290.86357142857145,109.97,4.571428571428571,4.0,4072.09
2018-02-01,musica,2,122.485,122.485,2.5,2.5,244.97
2018-02-01,papelaria,120,84.93900000000001,67.88499999999999,2.85,2.0,10192.68
2018-02-01,pc_gamer,1,154.99,154.99,10.0,10.0,154.99
2018-02-01,perfumaria,147,111.81938775510204,79.99,3.5238095238095237,3.0,16437.45
2018-02-01,pet_shop,72,102.52944444444444,95.25,2.625,2.0,7382.12
2018-02-01,portateis_casa_forno_e_cafe,5,604.98,750.0,5.0,2.0,3024.9
2018-02-01,relogios_presentes,267,212.76629213483145,165.0,4.543071161048689,4.0,56808.6
2018-02-01,sinalizacao_e_seguranca,8,74.61125,62.0,3.5,2.5,596.89
2018-02-01,tablets_impressao_imagem,11,58.45181818181818,53.49,4.636363636363637,6.0,642.97
2018-02-01,telefonia,251,43.7198406374502,29.99,2.366533864541833,2.0,10973.68
2018-02-01,telefonia_fixa,8,719.83375,94.95,3.25,2.5,5758.67
2018-02-01,utilidades_domesticas,278,104.21776978417266,69.9,3.237410071942446,3.0,28972.54
2018-03-01,agro_industria_e_comercio,18,233.91666666666666,104.75,2.4444444444444446,1.0,4210.5
2018-03-01,alimentos,24,52.48916666666667,56.97,1.7916666666666667,1.0,1259.74
2018-03-01,alimentos_bebidas,12,175.875,60.0,4.416666666666667,3.5,2110.5
2018-03-01,artes,7,67.34285714285714,57.0,1.5714285714285714,1.0,471.4
2018-03-01,artigos_de_festas,3,154.56666666666666,43.8,2.6666666666666665,3.0,463.7
2018-03-01,artigos_de_natal,10,57.955000000000005,79.9,2.5,2.0,579.5500000000001
2018-03-01,audio,25,372.49839999999995,467.0,4.68,4.0,9312.46
2018-03-01,automotivo,262,146.19641221374044,106.495,3.2709923664122136,2.0,38303.46
2018-03-01,bebes,180,202.24738888888888,99.97999999999999,3.7333333333333334,2.0,36404.53
2018-03-01,bebidas,18,47.705555555555556,47.49,1.5555555555555556,1.0,858.7
2018-03-01,beleza_saude,493,148.3537322515213,84.99,3.4340770791075053,3.0,73138.39
2018-03-01,brinquedos,176,113.18414772727273,69.9,3.0738636363636362,2.0,19920.41
2018-03-01,cama_mesa_banho,529,109.44321361058601,85.9,4.393194706994329,4.0,57895.46
2018-03-01,casa_conforto,14,134.14214285714286,89.9,5.357142857142857,4.5,1877.99
2018-03-01,casa_construcao,24,176.37416666666664,95.2,4.833333333333333,4.0,4232.98
2018-03-01,cine_foto,5,131.56,99.95,2.8,2.0,657.8
2018-03-01,climatizacao,19,97.83578947368422,79.9,2.210526315789474,2.0,1858.88
2018-03-01,consoles_games,43,248.1344186046512,69.9,2.8372093023255816,2.0,10669.78
2018-03-01,construcao_ferramentas_construcao,41,231.27073170731708,139.9,4.951219512195122,5.0,9482.1
2018-03-01,construcao_ferramentas_ferramentas,4,149.975,190.0,5.0,5.5,599.9
2018-03-01,construcao_ferramentas_iluminacao,9,193.3,250.0,3.4444444444444446,3.0,1739.7
2018-03-01,construcao_ferramentas_jardim,18,118.45166666666667,83.125,2.6666666666666665,1.5,2132.13
2018-03-01,construcao_ferramentas_seguranca,12,442.4891666666667,247.48000000000002,4.0,2.0,5309.87
2018-03-01,cool_stuff,200,168.3705,144.99,4.155,3.0,33674.1
2018-03-01,dvds_blu_ray,2,24.9,24.9,2.0,2.0,49.8
2018-03-01,eletrodomesticos,57,150.2317543859649,69.9,2.2280701754385963,1.0,8563.21
2018-03-01,eletrodomesticos_2,12,470.68333333333334,359.95,5.666666666666667,5.5,5648.2
2018-03-01,eletronicos,169,58.63698224852071,19.89,1.7988165680473374,1.0,9909.65
2018-03-01,eletroportateis,30,486.1823333333333,193.0,4.8,4.0,14585.47
2018-03-01,esporte_lazer,539,133.5194434137291,100.0,3.1669758812615956,2.0,71966.98
2018-03-01,fashion_bolsas_e_acessorios,104,82.61365384615384,49.9,3.0,2.0,8591.82
2018-03-01,fashion_calcados,9,120.78888888888888,98.7,3.0,3.0,1087.1
2018-03-01,fashion_esporte,1,89.9,89.9,1.0,1.0,89.9
2018-03-01,fashion_roupa_feminina,1,119.96,119.96,10.0,10.0,119.96
2018-03-01,fashion_underwear_e_moda_praia,3,59.86666666666667,59.9,1.3333333333333333,1.0,179.6
2018-03-01,ferramentas_jardim,153,152.5430065359477,99.0,3.6470588235294117,3.0,23339.079999999998
2018-03-01,fraldas_higiene,2,81.5,81.5,3.0,3.0,163.0
2018-03-01,industria_comercio_e_negocios,22,117.79318181818181,104.0,2.3636363636363638,2.0,2591.45
2018-03-01,informatica_acessorios,467,136.6614346895075,94.0,2.436830835117773,2.0,63820.89
2018-03-01,instrumentos_musicais,37,247.53621621621622,88.9,4.0,3.0,9158.84
2018-03-01,la_cuisine,1,389.0,389.0,8.0,8.0,389.0
2018-03-01,livros_importados,2,129.5,129.5,1.5,1.5,259.0
2018-03-01,livros_interesse_geral,22,52.68090909090909,37.45,2.272727272727273,1.5,1158.98
2018-03-01,livros_tecnicos,9,68.95555555555555,39.9,3.2222222222222223,3.0,620.5999999999999
2018-03-01,malas_acessorios,39,127.91179487179488,75.0,3.5641025641025643,3.0,4988.56
2018-03-01,market_place,12,115.01833333333333,92.99000000000001,3.5833333333333335,2.5,1380.22
2018-03-01,moveis_colchao_e_estofado,4,110.0,110.0,5.5,4.5,440.0
2018-03-01,moveis_cozinha_area_de_servico_jantar_e_jardim,9,263.42,120.0,2.888888888888889,2.0,2370.78
2018-03-01,moveis_decoracao,329,122.75702127659574,89.18,3.346504559270517,2.0,40387.06
2018-03-01,moveis_escritorio,101,190.4821782178218,169.9,4.237623762376238,3.0,19238.7
2018-03-01,moveis_quarto,4,186.725,194.0,2.75,2.5,746.9
2018-03-01,moveis_sala,15,199.666,179.9,4.133333333333334,3.0,2994.99
2018-03-01,musica,2,174.47,174.47,3.0,3.0,348.94
2018-03-01,papelaria,117,98.28717948717949,79.0,2.572649572649573,2.0,11499.6
2018-03-01,perfumaria,153,114.20470588235294,79.99,3.6013071895424837,3.0,17473.32
2018-03-01,pet_shop,86,123.07848837209302,99.85,2.8488372093023258,2.0,10584.75
2018-03-01,portateis_casa_forno_e_cafe,5,1278.1799999999998,899.0,9.8,10.0,6390.9
2018-03-01,relogios_presentes,353,245.0298300283286,164.9,4.623229461756374,4.0,86495.53
2018-03-01,sinalizacao_e_seguranca,6,141.98499999999999,107.515,2.8333333333333335,1.5,851.91
2018-03-01,tablets_impressao_imagem,2,129.645,129.645,4.5,4.5,259.29
2018-03-01,telefonia,257,92.99023346303503,29.98,2.614785992217899,1.0,23898.49
2018-03-01,telefonia_fixa,9,149.42111111111112,109.8,4.111111111111111,2.0,1344.79
2018-03-01,utilidades_domesticas,260,119.0925,64.45,3.6615384615384614,3.0,30964.05
2018-04-01,agro_industria_e_comercio,7,514.4,412.0,4.285714285714286,2.0,3600.8
2018-04-01,alimentos,22,46.56454545454546,40.99,1.5,1.0,1024.42
2018-04-01,alimentos_bebidas,12,41.485,34.575,1.5,1.0,497.82
2018-04-01,artes,19,78.76473684210526,79.99,2.473684210526316,2.0,1496.53
2018-04-01,artes_e_artesanato,1,15.99,15.99,1.0,1.0,15.99
2018-04-01,artigos_de_festas,1,43.8,43.8,1.0,1.0,43.8
2018-04-01,artigos_de_natal,6,36.2,19.439999999999998,2.0,2.0,217.20000000000002
2018-04-01,audio,19,298.7257894736842,399.0,4.947368421052632,5.0,5675.79
2018-04-01,automotivo,267,164.46528089887641,109.9,3.1161048689138577,2.0,43912.23
2018-04-01,bebes,182,237.1802197802198,109.9,3.576923076923077,2.0,43166.8
2018-04-01,bebidas,23,82.85,43.0,1.3478260869565217,1.0,1905.55
2018-04-01,beleza_saude,491,155.22859470468433,99.9,3.556008146639511,3.0,76217.24
2018-04-01,brinquedos,167,122.79179640718563,69.98,2.461077844311377,1.0,20506.23
2018-04-01,cama_mesa_banho,483,124.52467908902692,88.0,3.8281573498964803,3.0,60145.42
2018-04-01,casa_conforto,12,139.64166666666668,86.9,4.75,5.5,1675.7
2018-04-01,casa_construcao,48,163.755,111.4,3.5833333333333335,2.0,7860.24
2018-04-01,cds_dvds_musicais,1,65.0,65.0,6.0,6.0,65.0
2018-04-01,cine_foto,3,123.99666666666667,159.0,2.3333333333333335,2.0,371.99
2018-04-01,climatizacao,16,122.06812500000001,139.0,1.625,1.0,1953.0900000000001
2018-04-01,consoles_games,34,201.77823529411765,73.895,3.7941176470588234,3.5,6860.46
2018-04-01,construcao_ferramentas_construcao,61,193.3455737704918,109.9,4.065573770491803,3.0,11794.08
2018-04-01,construcao_ferramentas_ferramentas,14,81.15642857142858,92.4,2.9285714285714284,2.0,1136.19
2018-04-01,construcao_ferramentas_iluminacao,26,142.87269230769232,120.0,3.6153846153846154,2.0,3714.69
2018-04-01,construcao_ferramentas_jardim,11,116.26545454545455,56.9,3.6363636363636362,3.0,1278.92
2018-04-01,construcao_ferramentas_seguranca,13,125.1923076923077,77.9,3.230769230769231,3.0,1627.5
2018-04-01,cool_stuff,155,186.05800000000002,161.9,4.064516129032258,3.0,28838.99
2018-04-01,dvds_blu_ray,4,23.125,16.9,1.0,1.0,92.5
2018-04-01,eletrodomesticos,89,139.68988764044943,50.0,2.044943820224719,1.0,12432.4
2018-04-01,eletrodomesticos_2,22,957.9404545454545,688.0,6.090909090909091,6.0,21074.69
2018-04-01,eletronicos,145,64.35841379310344,19.9,1.896551724137931,1.0,9331.97
2018-04-01,eletroportateis,48,218.70125,49.55,3.4166666666666665,2.0,10497.66
2018-04-01,esporte_lazer,401,134.36608478802992,104.9,2.4438902743142146,2.0,53880.8
2018-04-01,fashion_bolsas_e_acessorios,69,109.55173913043478,59.9,3.0,2.0,7559.07
2018-04-01,fashion_calcados,8,135.125,128.9,3.625,3.5,1081.0
2018-04-01,fashion_roupa_feminina,1,174.95000000000002,174.95000000000002,5.0,5.0,174.95000000000002
2018-04-01,fashion_roupa_masculina,1,195.0,195.0,3.0,3.0,195.0
2018-04-01,fashion_underwear_e_moda_praia,3,63.23333333333333,59.9,3.0,1.0,189.7
2018-04-01,ferramentas_jardim,170,164.90017647058824,73.85,3.1823529411764704,2.0,28033.03
2018-04-01,flores,1,52.5,52.5,1.0,1.0,52.5
2018-04-01,fraldas_higiene,1,37.0,37.0,1.0,1.0,37.0
2018-04-01,industria_comercio_e_negocios,35,119.24314285714286,104.0,2.342857142857143,2.0,4173.51
2018-04-01,informatica_acessorios,363,114.0426997245179,98.44,2.2589531680440773,1.0,41397.5
2018-04-01,instrumentos_musicais,46,343.4491304347826,95.0,4.173913043478261,4.0,15798.66
2018-04-01,la_cuisine,1,280.0,280.0,7.0,7.0,280.0
2018-04-01,livros_importados,4,79.4975,87.0,1.75,1.5,317.99
2018-04-01,livros_interesse_geral,31,148.28096774193548,79.9,3.2903225806451615,2.0,4596.71
2018-04-01,livros_tecnicos,21,51.81428571428571,39.9,1.7142857142857142,2.0,1088.1
2018-04-01,malas_acessorios,43,179.98837209302326,99.0,3.7209302325581395,3.0,7739.5
2018-04-01,market_place,10,49.543,41.445,2.4,1.5,495.43
2018-04-01,moveis_cozinha_area_de_servico_jantar_e_jardim,13,186.80999999999997,134.0,4.615384615384615,3.0,2428.5299999999997
2018-04-01,moveis_decoracao,361,128.31908587257618,99.0,3.2049861495844874,2.0,46323.19
2018-04-01,moveis_escritorio,59,237.76779661016948,159.98,4.220338983050848,4.0,14028.3
2018-04-01,moveis_quarto,6,185.48333333333335,169.0,4.0,3.0,1112.9
2018-04-01,moveis_sala,15,275.148,179.9,4.733333333333333,3.0,4127.22
2018-04-01,musica,4,132.7225,149.95,3.25,3.0,530.89
2018-04-01,papelaria,101,98.29495049504952,79.9,2.8613861386138613,2.0,9927.79
2018-04-01,pcs,11,1066.0845454545454,849.99,8.454545454545455,8.0,11726.93
2018-04-01,perfumaria,128,122.901640625,105.875,3.3046875,2.0,15731.41
2018-04-01,pet_shop,125,130.9236,105.0,2.848,2.0,16365.45
2018-04-01,portateis_casa_forno_e_cafe,13,915.6138461538461,750.0,7.923076923076923,10.0,11902.98
2018-04-01,relogios_presentes,392,210.4987244897959,138.5,4.25,4.0,82515.5
2018-04-01,sinalizacao_e_seguranca,15,120.6,34.9,3.1333333333333333,2.0,1809.0
2018-04-01,tablets_impressao_imagem,1,52.0,52.0,1.0,1.0,52.0
2018-04-01,telefonia,177,55.679604519774,29.99,2.6779661016949152,2.0,9855.289999999999
2018-04-01,telefonia_fixa,7,230.85142857142858,256.0,4.0,4.0,1615.96
2018-04-01,utilidades_domesticas,341,107.48618768328446,69.99,3.346041055718475,3.0,36652.79
2018-05-01,agro_industria_e_comercio,6,466.48333333333335,419.5,4.5,3.5,2798.9
2018-05-01,alimentos,23,51.036086956521736,39.98,1.608695652173913,1.0,1173.83
2018-05-01,alimentos_bebidas,11,100.33545454545455,84.0,2.6363636363636362,1.0,1103.69
2018-05-01,artes,25,72.7108,79.9,2.04,2.0,1817.77
2018-05-01,artes_e_artesanato,1,89.8,89.8,1.0,1.0,89.8
2018-05-01,artigos_de_festas,3,33.56666666666666,40.0,4.666666666666667,5.0,100.69999999999999
2018-05-01,artigos_de_natal,4,51.2075,52.55,1.75,1.5,204.83
2018-05-01,audio,16,159.8675,55.0,2.8125,2.0,2557.88
2018-05-01,automotivo,236,143.97792372881355,78.0,3.1991525423728815,2.0,33978.79
2018-05-01,bebes,173,151.05820809248556,99.49,3.023121387283237,2.0,26133.07
2018-05-01,bebidas,25,88.32520000000001,58.0,2.4,1.0,2208.13
2018-05-01,beleza_saude,546,149.44373626373627,98.945,3.490842490842491,3.0,81596.28
2018-05-01,brinquedos,184,161.74315217391305,95.225,3.135869565217391,2.0,29760.74
2018-05-01,cama_mesa_banho,495,122.91969696969697,86.9,4.105050505050505,4.0,60845.25
2018-05-01,casa_conforto,15,139.846,89.9,5.0,4.0,2097.69
2018-05-01,casa_construcao,45,180.43755555555558,119.99,4.555555555555555,3.0,8119.6900000000005
2018-05-01,cine_foto,11,154.0218181818182,82.8,3.272727272727273,3.0,1694.24
2018-05-01,climatizacao,11,158.97272727272727,139.0,3.727272727272727,3.0,1748.7
2018-05-01,consoles_games,32,134.1975,79.45,3.0,1.0,4294.32
2018-05-01,construcao_ferramentas_construcao,70,251.56014285714284,109.9,3.914285714285714,2.5,17609.21
2018-05-01,construcao_ferramentas_ferramentas,4,81.225,93.0,4.75,4.5,324.9
2018-05-01,construcao_ferramentas_iluminacao,25,177.7128,120.0,2.84,2.0,4442.82
2018-05-01,construcao_ferramentas_jardim,10,61.49400000000001,52.445,3.3,1.0,614.94
2018-05-01,construcao_ferramentas_seguranca,17,374.41352941176467,339.9,4.588235294117647,4.0,6365.03
2018-05-01,cool_stuff,139,187.07791366906477,157.0,3.676258992805755,3.0,26003.83
2018-05-01,dvds_blu_ray,3,62.656666666666666,79.98,5.0,4.0,187.97
2018-05-01,eletrodomesticos,50,98.07539999999999,45.7,1.58,1.0,4903.7699999999995
2018-05-01,eletrodomesticos_2,19,731.0763157894737,599.98,5.473684210526316,4.0,13890.45
2018-05-01,eletronicos,170,88.57394117647058,21.9,2.023529411764706,1.0,15057.57
2018-05-01,eletroportateis,31,293.6087096774193,98.2,3.5483870967741935,2.0,9101.869999999999
2018-05-01,esporte_lazer,354,132.0966384180791,99.0,2.9180790960451977,2.0,46762.21
2018-05-01,fashion_bolsas_e_acessorios,83,131.71192771084338,69.9,3.1927710843373496,2.0,10932.09
2018-05-01,fashion_calcados,9,153.66666666666666,99.9,4.333333333333333,4.0,1383.0
2018-05-01,fashion_roupa_masculina,1,129.99,129.99,10.0,10.0,129.99
2018-05-01,fashion_underwear_e_moda_praia,2,49.9,49.9,5.5,5.5,99.8
2018-05-01,ferramentas_jardim,163,171.00877300613496,68.9,3.723926380368098,3.0,27874.43
2018-05-01,flores,1,16.4,16.4,1.0,1.0,16.4
2018-05-01,fraldas_higiene,1,37.0,37.0,1.0,1.0,37.0
2018-05-01,industria_comercio_e_negocios,28,104.1425,104.495,2.2857142857142856,2.0,2915.99
2018-05-01,informatica_acessorios,306,116.54506535947712,79.9,2.218954248366013,1.0,35662.79
2018-05-01,instrumentos_musicais,46,372.0739130434783,68.42500000000001,3.6739130434782608,2.0,17115.4
2018-05-01,livros_importados,9,45.65777777777778,18.99,1.1111111111111112,1.0,410.92
2018-05-01,livros_interesse_geral,37,137.98081081081082,39.99,3.2432432432432434,1.0,5105.29
2018-05-01,livros_tecnicos,38,54.303421052631585,57.89,2.0,1.0,2063.53
2018-05-01,malas_acessorios,37,159.84378378378378,129.9,3.972972972972973,3.0,5914.22
2018-05-01,market_place,9,63.849999999999994,47.9,1.8888888888888888,1.0,574.65
2018-05-01,moveis_cozinha_area_de_servico_jantar_e_jardim,7,256.3285714285714,129.9,4.142857142857143,4.0,1794.3
2018-05-01,moveis_decoracao,340,115.31973529411765,94.5,3.0647058823529414,2.0,39208.71
2018-05-01,moveis_escritorio,65,266.57307692307694,179.9,4.3076923076923075,3.0,17327.25
2018-05-01,moveis_quarto,3,221.99333333333334,199.0,3.3333333333333335,2.0,665.98
2018-05-01,moveis_sala,12,236.74916666666664,94.49000000000001,4.583333333333333,2.5,2840.99
2018-05-01,musica,4,169.025,220.0,3.0,3.0,676.1
2018-05-01,papelaria,101,112.77841584158416,79.0,2.9405940594059405,2.0,11390.62
2018-05-01,pcs,5,1367.99,1239.98,5.6,6.0,6839.95
2018-05-01,perfumaria,152,149.47809210526316,118.0,4.065789473684211,3.0,22720.67
2018-05-01,pet_shop,98,94.08561224489796,89.7,2.438775510204082,2.0,9220.39
2018-05-01,portateis_casa_forno_e_cafe,8,1176.45,858.9,9.125,10.0,9411.6
2018-05-01,portateis_cozinha_e_preparadores_de_alimentos,2,979.0,979.0,4.5,4.5,1958.0
2018-05-01,relogios_presentes,506,205.18446640316205,143.0,4.312252964426878,4.0,103823.34
2018-05-01,sinalizacao_e_seguranca,3,127.86666666666667,75.9,2.3333333333333335,1.0,383.6
2018-05-01,tablets_impressao_imagem,1,49.9,49.9,4.0,4.0,49.9
2018-05-01,telefonia,191,85.34277486910995,29.99,2.7591623036649215,2.0,16300.47
2018-05-01,telefonia_fixa,8,114.1375,102.05000000000001,2.125,1.5,913.1
2018-05-01,utilidades_domesticas,400,127.20309999999999,85.195,3.6825,3.0,50881.24
2018-06-01,agro_industria_e_comercio,8,430.725,369.5,5.5,4.0,3445.8
2018-06-01,alimentos,15,55.26533333333334,27.9,2.7333333333333334,1.0,828.98
2018-06-01,alimentos_bebidas,6,30.08666666666667,29.48,1.6666666666666667,1.0,180.52
2018-06-01,artes,19,90.92526315789473,99.9,2.1052631578947367,2.0,1727.58
2018-06-01,artigos_de_festas,2,42.400000000000006,42.400000000000006,1.5,1.5,84.80000000000001
2018-06-01,artigos_de_natal,5,54.238,63.56,3.4,3.0,271.19
2018-06-01,audio,10,95.61999999999999,42.35,2.0,1.0,956.1999999999999
2018-06-01,automotivo,198,196.27868686868686,70.0,3.3434343434343434,2.0,38863.18
2018-06-01,bebes,169,181.73242603550295,99.15,2.9940828402366866,2.0,30712.78
2018-06-01,bebidas,19,38.88473684210526,29.49,1.8421052631578947,1.0,738.81
2018-06-01,beleza_saude,601,140.4146921797005,94.19,3.405990016638935,3.0,84389.23
2018-06-01,brinquedos,146,138.95273972602737,87.45,2.7465753424657535,2.0,20287.1
2018-06-01,cama_mesa_banho,519,109.76115606936416,84.9,3.878612716763006,3.0,56966.04
2018-06-01,casa_conforto,13,182.21461538461537,139.99,4.461538461538462,4.0,2368.79
2018-06-01,casa_conforto_2,1,25.8,25.8,1.0,1.0,25.8
2018-06-01,casa_construcao,47,160.79765957446807,119.85,3.9574468085106385,3.0,7557.49
2018-06-01,cine_foto,7,60.962857142857146,11.9,3.4285714285714284,1.0,426.74
2018-06-01,climatizacao,7,496.11428571428576,139.0,2.7142857142857144,2.0,3472.8
2018-06-01,consoles_games,34,185.55970588235294,69.9,2.4705882352941178,1.0,6309.03
2018-06-01,construcao_ferramentas_construcao,81,220.03716049382714,94.0,3.9135802469135803,3.0,17823.01
2018-06-01,construcao_ferramentas_ferramentas,2,92.5,92.5,2.0,2.0,185.0
2018-06-01,construcao_ferramentas_iluminacao,29,136.58,113.3,3.7241379310344827,3.0,3960.82
2018-06-01,construcao_ferramentas_jardim,9,78.16222222222223,72.9,2.0,1.0,703.46
2018-06-01,construcao_ferramentas_seguranca,15,151.69266666666667,128.25,4.266666666666667,4.0,2275.39
2018-06-01,cool_stuff,77,200.6138961038961,180.0,4.558441558441558,4.0,15447.27
2018-06-01,dvds_blu_ray,4,96.945,114.94,3.75,2.0,387.78
2018-06-01,eletrodomesticos,53,104.36830188679247,50.19,2.188679245283019,1.0,5531.52
2018-06-01,eletrodomesticos_2,11,701.420909090909,473.0,4.818181818181818,4.0,7715.63
2018-06-01,eletronicos,129,59.54023255813953,19.9,1.945736434108527,1.0,7680.69
2018-06-01,eletroportateis,34,383.54588235294113,153.2,3.676470588235294,2.5,13040.56
2018-06-01,esporte_lazer,287,132.222543554007,95.0,2.7282229965156795,2.0,37947.87
2018-06-01,fashion_bolsas_e_acessorios,67,100.64776119402984,59.0,2.955223880597015,2.0,6743.4
2018-06-01,fashion_calcados,8,113.7475,89.9,3.875,4.5,909.98
2018-06-01,fashion_roupa_infanto_juvenil,1,89.99,89.99,6.0,6.0,89.99
2018-06-01,fashion_roupa_masculina,6,74.63333333333334,58.95,3.1666666666666665,3.5,447.8
2018-06-01,fashion_underwear_e_moda_praia,3,43.1,49.9,2.6666666666666665,3.0,129.3
2018-06-01,ferramentas_jardim,116,128.49112068965516,99.0,3.456896551724138,3.0,14904.97
2018-06-01,flores,1,108.0,108.0,1.0,1.0,108.0
2018-06-01,fraldas_higiene,6,47.333333333333336,48.5,2.1666666666666665,1.5,284.0
2018-06-01,industria_comercio_e_negocios,14,122.70714285714287,115.0,3.142857142857143,2.0,1717.9
2018-06-01,informatica_acessorios,263,114.26041825095058,89.9,2.5095057034220534,2.0,30050.49
2018-06-01,instrumentos_musicais,33,435.38878787878787,149.0,4.696969696969697,3.0,14367.83
2018-06-01,livros_importados,4,51.155,59.89,2.75,1.5,204.62
2018-06-01,livros_interesse_geral,28,113.24107142857143,47.9,2.25,1.0,3170.75
2018-06-01,livros_tecnicos,16,77.68062499999999,35.0,2.9375,1.0,1242.8899999999999
2018-06-01,malas_acessorios,35,143.79657142857144,115.99,3.6857142857142855,3.0,5032.88
2018-06-01,market_place,5,83.732,47.9,3.2,2.0,418.65999999999997
2018-06-01,moveis_cozinha_area_de_servico_jantar_e_jardim,18,183.80777777777777,121.4,4.333333333333333,4.0,3308.54
2018-06-01,moveis_decoracao,243,143.8591769547325,99.9,3.888888888888889,3.0,34957.78
2018-06-01,moveis_escritorio,39,212.20333333333335,149.99,5.17948717948718,4.0,8275.93
2018-06-01,moveis_quarto,5,228.246,238.9,4.4,3.0,1141.23
2018-06-01,moveis_sala,23,134.68347826086955,99.99,3.0869565217391304,2.0,3097.72
2018-06-01,musica,1,54.88,54.88,4.0,4.0,54.88
2018-06-01,papelaria,104,91.9248076923077,79.0,2.730769230769231,2.0,9560.18
2018-06-01,pcs,7,1592.857142857143,790.0,8.285714285714286,8.0,11150.0
2018-06-01,perfumaria,135,175.08681481481483,139.9,4.185185185185185,4.0,23636.72
2018-06-01,pet_shop,124,127.20201612903226,99.9,3.3548387096774195,2.0,15773.05
2018-06-01,portateis_casa_forno_e_cafe,3,1166.3333333333333,750.0,7.0,10.0,3499.0
2018-06-01,relogios_presentes,361,198.5185595567867,129.99,4.2631578947368425,4.0,71665.2
2018-06-01,sinalizacao_e_seguranca,13,377.41384615384607,105.0,4.461538461538462,3.0,4906.379999999999
2018-06-01,tablets_impressao_imagem,1,50.0,50.0,6.0,6.0,50.0
2018-06-01,telefonia,150,116.1484,29.99,3.14,2.0,17422.26
2018-06-01,telefonia_fixa,13,147.5823076923077,125.0,2.769230769230769,3.0,1918.57
2018-06-01,utilidades_domesticas,373,125.07603217158177,89.99,3.6219839142091153,3.0,46653.36
2018-07-01,agro_industria_e_comercio,20,291.431,221.75,4.35,3.5,5828.62
2018-07-01,alimentos,43,61.96441860465116,59.9,2.186046511627907,2.0,2664.47
2018-07-01,alimentos_bebidas,11,56.57727272727273,58.32,2.090909090909091,1.0,622.35
2018-07-01,artes,16,93.07187499999999,99.99,3.125,2.0,1489.1499999999999
2018-07-01,artes_e_artesanato,7,55.112857142857145,49.9,2.0,1.0,385.79
2018-07-01,artigos_de_festas,1,22.5,22.5,1.0,1.0,22.5
2018-07-01,artigos_de_natal,5,89.30199999999999,35.0,1.6,1.0,446.51
2018-07-01,audio,15,120.40933333333334,45.05,3.066666666666667,1.0,1806.14
2018-07-01,automotivo,235,155.87527659574468,73.0,2.8127659574468087,2.0,36630.69
2018-07-01,bebes,163,116.78754601226993,79.9,3.042944785276074,2.0,19036.37
2018-07-01,bebidas,14,94.02642857142858,67.45,2.5714285714285716,1.5,1316.3700000000001
2018-07-01,beleza_saude,531,159.38431261770242,95.0,3.5781544256120528,3.0,84633.06999999999
2018-07-01,brinquedos,127,121.81834645669292,84.99,2.645669291338583,2.0,15470.93
2018-07-01,cama_mesa_banho,405,108.7400987654321,80.8,4.148148148148148,3.0,44039.74
2018-07-01,casa_conforto,18,115.205,77.9,4.666666666666667,3.5,2073.69
2018-07-01,casa_conforto_2,2,19.35,19.35,1.0,1.0,38.7
2018-07-01,casa_construcao,44,126.3340909090909,119.85,3.5454545454545454,3.0,5558.7
2018-07-01,cine_foto,3,296.28000000000003,112.9,2.6666666666666665,3.0,888.84
2018-07-01,climatizacao,12,160.805,139.495,3.25,2.0,1929.66
2018-07-01,consoles_games,42,176.7266666666667,79.99,3.1904761904761907,2.0,7422.52
2018-07-01,construcao_ferramentas_construcao,71,164.09661971830988,93.9,3.507042253521127,2.0,11650.86
2018-07-01,construcao_ferramentas_ferramentas,9,608.0777777777778,232.75,4.333333333333333,3.0,5472.7
2018-07-01,construcao_ferramentas_iluminacao,29,205.79068965517243,169.99,3.206896551724138,2.0,5967.93
2018-07-01,construcao_ferramentas_jardim,12,89.23083333333334,62.900000000000006,3.0,2.5,1070.77
2018-07-01,construcao_ferramentas_seguranca,14,128.4607142857143,99.0,3.2142857142857144,3.0,1798.45
2018-07-01,cool_stuff,83,283.0289156626506,164.9,3.7710843373493974,3.0,23491.399999999998
2018-07-01,dvds_blu_ray,1,83.99,83.99,1.0,1.0,83.99
2018-07-01,eletrodomesticos,63,66.17126984126985,41.5,1.7777777777777777,1.0,4168.79
2018-07-01,eletrodomesticos_2,17,656.3676470588235,349.99,5.529411764705882,4.0,11158.25
2018-07-01,eletronicos,104,94.05682692307693,25.895,1.7211538461538463,1.0,9781.91
2018-07-01,eletroportateis,26,233.50346153846155,84.78,3.6153846153846154,2.5,6071.09
2018-07-01,esporte_lazer,306,125.49859477124183,79.99,2.450980392156863,1.0,38402.57
2018-07-01,fashion_bolsas_e_acessorios,57,88.89333333333333,49.9,2.982456140350877,2.0,5066.92
2018-07-01,fashion_calcados,1,169.79,169.79,5.0,5.0,169.79
2018-07-01,fashion_roupa_masculina,3,46.26666666666667,45.0,3.3333333333333335,4.0,138.8
2018-07-01,fashion_underwear_e_moda_praia,2,54.9,54.9,1.5,1.5,109.8
2018-07-01,ferramentas_jardim,115,211.4088695652174,97.5,4.191304347826087,4.0,24312.02
2018-07-01,flores,1,17.99,17.99,1.0,1.0,17.99
2018-07-01,fraldas_higiene,3,37.6,37.0,4.333333333333333,3.0,112.8
2018-07-01,industria_comercio_e_negocios,9,148.02333333333334,120.0,3.111111111111111,2.0,1332.21
2018-07-01,informatica_acessorios,270,115.53477777777778,69.99,2.448148148148148,1.0,31194.39
2018-07-01,instrumentos_musicais,23,256.01652173913044,70.0,3.130434782608696,2.0,5888.38
2018-07-01,livros_importados,2,87.485,87.485,1.0,1.0,174.97
2018-07-01,livros_interesse_geral,18,203.2422222222222,85.45,3.5,2.0,3658.3599999999997
2018-07-01,livros_tecnicos,20,83.0025,58.99,2.0,1.0,1660.05
2018-07-01,malas_acessorios,43,103.18883720930232,99.99,3.5813953488372094,3.0,4437.12
2018-07-01,market_place,2,41.445,41.445,1.5,1.5,82.89
2018-07-01,moveis_colchao_e_estofado,1,129.9,129.9,10.0,10.0,129.9
2018-07-01,moveis_cozinha_area_de_servico_jantar_e_jardim,15,191.01000000000002,67.9,3.6,3.0,2865.15
2018-07-01,moveis_decoracao,257,135.44124513618678,105.0,3.5058365758754864,3.0,34808.4
2018-07-01,moveis_escritorio,40,224.53074999999998,169.99,4.125,3.0,8981.23
2018-07-01,moveis_quarto,5,179.6,190.0,5.4,3.0,898.0
2018-07-01,moveis_sala,39,112.07076923076923,72.99,3.128205128205128,2.0,4370.76
2018-07-01,musica,2,390.2,390.2,2.5,2.5,780.4
2018-07-01,papelaria,129,106.17596899224807,89.9,3.0155038759689923,2.0,13696.7
2018-07-01,pc_gamer,1,239.0,239.0,3.0,3.0,239.0
2018-07-01,pcs,6,643.3333333333334,650.0,4.333333333333333,4.5,3860.0
2018-07-01,perfumaria,136,132.39132352941178,107.4,3.661764705882353,3.0,18005.22
2018-07-01,pet_shop,107,136.21018691588785,99.9,3.102803738317757,2.0,14574.49
2018-07-01,portateis_casa_forno_e_cafe,12,324.54,93.3,4.75,3.0,3894.48
2018-07-01,portateis_cozinha_e_preparadores_de_alimentos,3,25.50333333333333,21.52,1.0,1.0,76.50999999999999
2018-07-01,relogios_presentes,403,205.32022332506205,139.0,4.287841191066997,4.0,82744.05
2018-07-01,sinalizacao_e_seguranca,13,161.90384615384616,119.85,2.4615384615384617,2.0,2104.75
2018-07-01,telefonia,146,154.21479452054794,39.99,3.047945205479452,2.0,22515.36
2018-07-01,telefonia_fixa,5,379.278,185.0,3.6,3.0,1896.39
2018-07-01,utilidades_domesticas,364,128.18815934065933,85.39,3.607142857142857,3.0,46660.49
2018-08-01,agro_industria_e_comercio,10,449.24899999999997,294.945,3.8,2.5,4492.49
2018-08-01,alimentos,80,82.883875,81.695,2.0375,1.0,6630.71
2018-08-01,alimentos_bebidas,13,70.89692307692307,44.06,2.4615384615384617,1.0,921.66
2018-08-01,artes,11,85.22090909090909,69.99,2.0,2.0,937.43
2018-08-01,artes_e_artesanato,3,155.29333333333332,126.49,2.6666666666666665,2.0,465.88
2018-08-01,artigos_de_festas,9,104.76555555555555,90.0,2.2222222222222223,2.0,942.89
2018-08-01,artigos_de_natal,8,60.6725,35.0,1.625,1.0,485.38
2018-08-01,audio,18,116.4388888888889,129.0,2.1666666666666665,1.0,2095.9
2018-08-01,automotivo,263,139.13060836501901,70.0,3.129277566539924,2.0,36591.35
2018-08-01,bebes,155,115.5401935483871,74.99,3.367741935483871,2.0,17908.73
2018-08-01,bebidas,20,67.8625,40.49,2.2,1.0,1357.25
2018-08-01,beleza_saude,615,164.30271544715447,95.0,3.489430894308943,3.0,101046.17
2018-08-01,brinquedos,119,124.14949579831934,79.9,3.588235294117647,3.0,14773.79
2018-08-01,cama_mesa_banho,422,114.41781990521326,74.85,4.0663507109004735,3.0,48284.32
2018-08-01,casa_conforto,10,149.34,154.4,5.8,6.0,1493.4
2018-08-01,casa_construcao,35,165.6162857142857,129.95,4.685714285714286,4.0,5796.57
2018-08-01,cine_foto,5,93.556,89.99,2.0,1.0,467.78
2018-08-01,climatizacao,13,169.8,129.0,2.6153846153846154,2.0,2207.4
2018-08-01,consoles_games,42,86.22904761904762,75.0,2.261904761904762,1.0,3621.62
2018-08-01,construcao_ferramentas_construcao,99,204.1850505050505,109.9,4.393939393939394,3.0,20214.32
2018-08-01,construcao_ferramentas_ferramentas,12,97.23333333333333,74.995,4.583333333333333,3.0,1166.8
2018-08-01,construcao_ferramentas_iluminacao,35,160.49457142857145,169.0,3.1714285714285713,3.0,5617.31
2018-08-01,construcao_ferramentas_jardim,16,245.769375,136.45,4.25,4.0,3932.31
2018-08-01,construcao_ferramentas_seguranca,15,218.00933333333333,155.9,5.333333333333333,5.0,3270.14
2018-08-01,cool_stuff,90,137.4488888888889,120.195,3.3666666666666667,3.0,12370.4
2018-08-01,dvds_blu_ray,1,8.9,8.9,1.0,1.0,8.9
2018-08-01,eletrodomesticos,53,76.46264150943396,57.4,1.5849056603773586,1.0,4052.52
2018-08-01,eletrodomesticos_2,13,729.5969230769231,473.0,6.923076923076923,8.0,9484.76
2018-08-01,eletronicos,89,101.22089887640449,38.89,2.6292134831460676,1.0,9008.66
2018-08-01,eletroportateis,19,214.8778947368421,109.9,3.473684210526316,3.0,4082.68
2018-08-01,esporte_lazer,325,128.13206153846153,72.9,2.4707692307692306,1.0,41642.92
2018-08-01,fashion_bolsas_e_acessorios,94,71.10648936170213,49.9,2.723404255319149,2.0,6684.01
2018-08-01,fashion_calcados,3,157.1,220.7,5.333333333333333,3.0,471.29999999999995
2018-08-01,fashion_esporte,1,69.9,69.9,2.0,2.0,69.9
2018-08-01,fashion_roupa_feminina,1,94.98,94.98,10.0,10.0,94.98
2018-08-01,fashion_roupa_masculina,2,164.395,164.395,4.0,4.0,328.79
2018-08-01,fashion_underwear_e_moda_praia,1,160.0,160.0,3.0,3.0,160.0
2018-08-01,ferramentas_jardim,86,155.39011627906976,89.995,3.627906976744186,3.0,13363.55
2018-08-01,fraldas_higiene,3,77.29666666666667,46.0,2.0,2.0,231.89
2018-08-01,industria_comercio_e_negocios,8,277.46125,135.0,4.625,3.5,2219.69
2018-08-01,informatica_acessorios,270,111.8618148148148,76.95,2.388888888888889,1.0,30202.69
2018-08-01,instrumentos_musicais,29,305.07034482758615,65.9,3.413793103448276,2.0,8847.039999999999
2018-08-01,livros_importados,1,749.0,749.0,10.0,10.0,749.0
2018-08-01,livros_interesse_geral,26,45.28192307692307,42.4,1.7692307692307692,1.0,1177.33
2018-08-01,livros_tecnicos,23,60.20478260869565,37.5,1.9565217391304348,1.0,1384.71
2018-08-01,malas_acessorios,57,111.78368421052632,104.6,3.789473684210526,3.0,6371.67
2018-08-01,market_place,7,127.03999999999999,143.8,4.714285714285714,5.0,889.28
2018-08-01,moveis_cozinha_area_de_servico_jantar_e_jardim,14,132.37642857142856,68.945,4.214285714285714,3.0,1853.27
2018-08-01,moveis_decoracao,249,132.43871485943774,99.9,3.7670682730923697,3.0,32977.24
2018-08-01,moveis_escritorio,14,302.42357142857145,244.93499999999997,6.0,5.5,4233.93
2018-08-01,moveis_quarto,10,219.7,169.0,3.5,3.5,2197.0
2018-08-01,moveis_sala,27,141.6937037037037,99.0,2.8518518518518516,2.0,3825.73
2018-08-01,musica,5,79.582,16.1,2.6,3.0,397.90999999999997
2018-08-01,papelaria,121,103.15520661157025,95.0,2.669421487603306,2.0,12481.78
2018-08-01,pcs,8,895.0375,690.0,5.75,4.5,7160.3
2018-08-01,perfumaria,164,126.27737804878049,109.95,3.9390243902439024,3.0,20709.49
2018-08-01,pet_shop,133,163.0009022556391,99.99,2.661654135338346,2.0,21679.12
2018-08-01,portateis_casa_forno_e_cafe,14,203.85714285714286,98.0,3.0714285714285716,2.0,2854.0
2018-08-01,portateis_cozinha_e_preparadores_de_alimentos,3,412.2666666666667,102.9,3.6666666666666665,3.0,1236.8000000000002
2018-08-01,relogios_presentes,311,210.81765273311896,145.0,4.321543408360129,4.0,65564.29
2018-08-01,sinalizacao_e_seguranca,8,148.66,114.99000000000001,2.25,1.0,1189.28
2018-08-01,telefonia,184,163.1561413043478,39.985,2.880434782608696,2.0,30020.73
2018-08-01,telefonia_fixa,8,216.535,109.8,4.125,4.0,1732.28
2018-08-01,utilidades_domesticas,434,104.61421658986175,68.65,3.3502304147465436,3.0,45402.57
